signal,nombre,comuna,ubicacion,lat,lon,potencia,ganancia,banda,rx,tx,tono,region,otorga,vence,isEcholink,conference,isDMR,serviceType,color,slot,tg,website,notes,labels
CE1RCD RPR-B,AGRUPACION CULTURAL RADIO CLUB CALDERA,CALDERA,CERRO MORRO BALLENA,-27.2258333333,-70.5591666667,5,6.5,VHF/FM,147.030,147.630,82.5,REGIÓN DE ATACAMA,05-06-2024,24-11-2028,,,,,,,,,,norte-chico vhf
CE1RCD RPT-A,AGRUPACION CULTURAL RADIO CLUB CALDERA,CALDERA,CERRO MORRO BALLENA,-27.6272222222,-70.1072222222,5,6.5,VHF/FM,146.730,146.130,82.5,REGIÓN DE ATACAMA,05-06-2024,24-11-2028,,,,,,,,,,norte-chico vhf
CE4SC RPT-A,AGRUPACION DE RADIOAFICIONADOS DE SANTA CRUZ,SANTA CRUZ,CERRO NERQUIHUE,-34.6375,-71.5433333333,10,4,UHF/FM,433.525,438.525,82.5,REGIÓN DEL LIBERTADOR GENERAL BERNARDO O'HIGGINS,11-02-2025,11-02-2030,,,,,,,,,,centro uhf
CE4SC RPT-B,AGRUPACION DE RADIOAFICIONADOS DE SANTA CRUZ,SANTA CRUZ,CERRO CAÑETEN,-34.5575,-71.5294444444,10,4,VHF/FM,146.640,146.040,136.5,REGIÓN DEL LIBERTADOR GENERAL BERNARDO O'HIGGINS,13-06-2025,13-06-2030,,,,,,,,,,centro vhf
CE6SOS RPT-A,AGRUPACION SOCIAL CULTURAL Y DEPORTIVA RADIO CLUB AMIGOS EN LA EMERGENCIA,OSORNO,LOS TINQUES 683,-40.5855555556,-73.1394444444,20,6,VHF/FM,146.650,146.050,,REGIÓN DE LOS LAGOS,31-03-2022,03-02-2027,,,,,,,,,,los-lagos vhf
CE6CYE RPT-A,AGRUPACION SOCIAL Y CULTURAL RADIO CLUB OSORNO,OSORNO,PILAUCO,-40.5641666667,-73.1186111111,25,6,VHF/FM,147.300,147.900,88.5,REGIÓN DE LOS LAGOS,31-01-2022,31-01-2027,,,,,,,,,,los-lagos vhf
CE2 RQ RPT-A,ASOCIACION CLUB DE RADIOAFICIONADOS DE EL QUISCO,EL QUISCO,3 ORIENTE ESQUINA 3 SUR,-33.4113888889,-71.6819444444,5,3,VHF/FM,146.940,146.340,67,REGIÓN DE VALPARAÍSO,07-03-2024,23-03-2027,,,,,,,,,,valparaiso vhf
CE7DE RPT-B,ASOCIACION CLUB DE RADIOAFICIONADOS EL TRAUKO,CASTRO,LLICALDAD,-42.4944444444,-73.8466666667,30,7,VHF/FM,146.730,146.130,107.2,REGIÓN DE LOS LAGOS,23-04-2024,16-10-2028,,,,,,,,,,los-lagos vhf
CE7DE RPT-A,ASOCIACION CLUB DE RADIOAFICIONADOS EL TRAUKO,DALCAHUE,TENAUN DALCAHUE,-42.3230555556,-73.3708333333,30,7,VHF/FM,147.180,147.780,107.2,REGIÓN DE LOS LAGOS,14-03-2024,16-10-2028,,,,,,,,,,los-lagos vhf
CE4CU RPT-A,ASOCIACIÓN RADIO CLUB PROVINCIAL CURICÓ,ROMERAL,"AVENIDA RAMÓN FREIRE 2562, LOS QUEÑES, COMUNA ROMERAL",-35.9622222222,-71.5219444444,25,7,VHF/FM,147.390,147.990,107.2,REGIÓN DEL MAULE,15-07-2025,15-07-2030,,,,,,,,,,centro vhf
CE2RVE RPT-A,CENTRO CULTURAL RADIO CLUB PROVINCIA DE MARGA MARGA,QUILPUÉ,SAMUEL VALENCIA 50,-33.0508333333,-71.4513888889,10,6.7,VHF/FM,146.650,146.050,67,REGIÓN DE VALPARAÍSO,29-12-2023,26-04-2028,,,,,,,,,,valparaiso vhf
CE3CDT RPT-A,CIRCULO DE RADIAFICIONADOS ESCUELA DE TELECOMUNICACIONES,PEÑALOLÉN,AVDA. LAS PERDICES N° 700,-33.4619444444,-70.5219444444,10,7,VHF/FM,147.120,147.720,114.8,REGIÓN METROPOLITANA DE SANTIAGO,23-03-2022,23-03-2027,,,,,,,,,,rm vhf
CE5NCR RPT-B,CIRCULO DE RADIOAFICIONADOS CORDILLERA DE NAHUELBUTA,CAÑETE,PREDIO QUELEN-QUELEN,-37.7531805556,-73.3611666667,25,6,VHF/FM,146.745,146.145,100,REGIÓN DEL BIOBÍO,03-08-2023,12-07-2028,,,,,,,,,,sur vhf
CE5NCR RPT-A,CIRCULO DE RADIOAFICIONADOS CORDILLERA DE NAHUELBUTA,CAÑETE,AVENIDA PRESIDENTE FREI 1191,-37.7891666667,-73.3888888889,25,6,VHF/FM,146.220,146.820,100,REGIÓN DEL BIOBÍO,03-08-2023,12-07-2028,,,,,,,,,,sur vhf
CE2RGM RPT-D,CIRCULO DE RADIOAFICIONADOS GABRIELA MISTRAL,COQUIMBO,CERRO LA VIRGEN,-29.9575805556,-71.2652222222,25,6.5,UHF/FM,433.800,438.800,88.5,REGIÓN DE COQUIMBO,11-05-2023,26-04-2028,,,,,,,,,,norte-chico uhf
CE2RGM RPT-A,CIRCULO DE RADIOAFICIONADOS GABRIELA MISTRAL,COQUIMBO,CERRO LA VIRGEN,-29.9909138889,-71.2652222222,40,7.5,VHF/FM,146.940,146.340,88.5,REGIÓN DE COQUIMBO,11-05-2023,26-04-2028,,,,,,,,,,norte-chico vhf
CE2RGM RPT-C,CIRCULO DE RADIOAFICIONADOS GABRIELA MISTRAL,PAIHUANO,QUEBRADA PAIHUANO,-30.032575,-70.4685527778,25,6.5,UHF/FM,433.475,438.475,88.5,REGIÓN DE COQUIMBO,11-05-2023,26-04-2028,,,,,,,,,,norte-chico uhf
CE2RGM RPT-B,CIRCULO DE RADIOAFICIONADOS GABRIELA MISTRAL,PAIHUANO,QUEBRADA PAIHUANO,-30.032575,-70.4685527778,40,7.5,VHF/FM,147.150,147.750,88.5,REGIÓN DE COQUIMBO,11-05-2023,26-04-2028,,,,,,,,,,norte-chico vhf
CE6CRE RPT-B,CIRCULO RED DE EMERGENCIA DE LOS RIOS,VALDIVIA,"HIJUELA 101, PARCELA 10, CASABLANCA, SECTOR CUFEO",-39.9641666667,-73.0466666667,15,3.3,VHF/FM,147.090,147.690,67,REGIÓN DE LOS RÍOS,10-07-2024,05-05-2028,,,,,,,,,,los-rios vhf
CE2SYE RPT-A,CLUB DE RADIOAFICIONADOS LITORAL CENTRAL,SAN ANTONIO,"NÁPOLES 1130, VILLA DEL MAR",-33.5938888889,-71.5944444444,25,7,VHF/FM,146.610,146.010,82.5,REGIÓN DE VALPARAÍSO,23-07-2025,08-07-2030,,,,,,,,,,valparaiso vhf
CE6RHC RPT-A,CLUB DE RADIOAFICIONADOS RAHUE,OSORNO,"RUTA U-400, KM.4",-40.5769,-73.1131,40,8,VHF/FM,146.380,146.980,91.5,REGIÓN DE LOS LAGOS,15-09-2023,22-10-2026,,,,,,,,,,los-lagos vhf
CE2CQB RPT-C,COQUIMBO RADIO CLUB,COQUIMBO,CERRO MINA DE ORO,-29.9533,-71.3436,10,6,UHF/FM,433.200,438.200,,REGIÓN DE COQUIMBO,02-09-2021,10-06-2026,,,,,,,,,,norte-chico uhf
CE2CQB RPT-A,COQUIMBO RADIO CLUB,COQUIMBO,CERRO MINA DE ORO,-29.9533,-71.3436,20,6,VHF/FM,146.640,146.040,,REGIÓN DE COQUIMBO,02-09-2021,02-09-2026,,,,,,,,,,norte-chico vhf
CE2VOV RPT-B,RADIO CLUB AMIGOS DE LA COSTA VICTOR ORLANDI VEAS,VALPARAÍSO,CERRO FLORIDA,-33.0671805556,-71.6332888889,10,6,UHF/FM,433.500,438.500,91.5,REGIÓN DE VALPARAÍSO,20-04-2022,20-04-2027,,,,,,,,https://www.radioclubamigosdelacosta.cl/,,valparaiso uhf
CE2VOV RPT-A,RADIO CLUB AMIGOS DE LA COSTA VICTOR ORLANDI VEAS,VALPARAÍSO,CERRO FLORIDA,-33.0671805556,-71.6332888889,10,8.3,VHF/FM,146.790,146.190,91.5,REGIÓN DE VALPARAÍSO,20-04-2022,20-04-2027,,,,,,,,https://www.radioclubamigosdelacosta.cl/,,valparaiso vhf
CE6USM RPT-A,RADIO CLUB AMIGOS DE RADIO,ANGOL,SECTOR CERRO PELAO,-37.8323805556,-72.8149222222,15,9,VHF/FM,147.030,147.630,151.4,REGIÓN DE LA ARAUCANÍA,02-04-2025,02-04-2030,,,,,,,,,,sur vhf
CE7UD RPT-B,RADIO CLUB ANCUD,ANCUD,SECTOR LELBUNCURA,-41.8930555556,-73.8511111111,25,6,VHF/FM,146.610,146.010,88.5,REGIÓN DE LOS LAGOS,02-04-2025,02-04-2030,,,,,,,,,,los-lagos vhf
CE7UD RPT-A,RADIO CLUB ANCUD,ANCUD,SECTOR LELBUNCURA,-41.8930555556,-73.8511111111,10,8,UHF/FM,433.400,438.400,67,REGIÓN DE LOS LAGOS,02-04-2025,02-04-2030,,,,,,,,,,los-lagos uhf
CE5RCU RPT-C,RADIO CLUB CAÑETE,CAÑETE,HUILLINCO S/N,-37.7531944444,-73.3616611111,10,6,UHF/FM,433.450,438.450,88.5,REGIÓN DEL BIOBÍO,06-03-2024,14-02-2028,,,,,,,,,,sur uhf
CE5RCU RPT-A,RADIO CLUB CAÑETE,CAÑETE,PREDIO QUELÉN - QUELÉN,-37.7531805556,-73.3611666667,25,6,VHF/FM,147.900,147.300,,REGIÓN DEL BIOBÍO,16-05-2022,16-05-2027,,,,,,,,,,sur vhf
CE5RCU RPT-A,RADIO CLUB CAÑETE,CAÑETE,SAAVEDRA 629,-37.7240444444,-73.2165972222,45,6,VHF/FM,147.300,147.900,88.5,REGIÓN DEL BIOBÍO,07-06-2023,14-02-2028,,,,,,,,,,sur vhf
CE5RCU RPT-B,RADIO CLUB CAÑETE,CAÑETE,HUILLINCO S/N,-37.7531944444,-73.3616611111,45,6,VHF/FM,146.610,146.010,88.5,REGIÓN DEL BIOBÍO,06-03-2024,14-02-2028,,,,,,,,,,sur vhf
CE3ETE RPT-B,RADIO CLUB CARABINEROS,CURACAVÍ,CERRO BUSTAMANTE,-33.4038888889,-70.9525,10,9,UHF/FM,433.100,438.100,82.5,REGIÓN METROPOLITANA DE SANTIAGO,11-05-2023,16-12-2027,,,,,,,,https://www.ce3ete.cl/,,rm uhf
CE3ETE RPT-A,RADIO CLUB CARABINEROS,CURACAVÍ,CERRO BUSTAMANTE,-33.4038888889,-70.9525,10,9,VHF/FM,146.910,146.310,123,REGIÓN METROPOLITANA DE SANTIAGO,11-05-2023,16-12-2027,,,,,,,,https://www.ce3ete.cl/,,rm vhf
CE6RB  RPT-A,RADIO CLUB CASABLANCA,VALDIVIA,"RUTA T-520 KM 4,5, CAMINO PUBLICO LOS PELLINES, SECTOR CASABLANCA",-39.96435,-73.046575,15,10,VHF/FM,147.030,147.630,67,REGIÓN DE LOS RÍOS,20-11-2024,20-11-2029,,,,,,,,,,los-rios vhf
CE1CA RPT-A,RADIO CLUB CAVANCHA DE IQUIQUE,ALTO HOSPICIO,CERRO TARAPACÁ,-20.3486111111,-70.1147222222,25,7,VHF/FM,146.820,146.220,203.5,REGIÓN DE TARAPACÁ,29-08-2023,29-08-2028,,,,,,,,https://www.ce1rkv.cl/,,gran-norte vhf
CE1CA RPT-B,RADIO CLUB CAVANCHA DE IQUIQUE,IQUIQUE,CERRO CARRASCO,-20.925,-70.0736111111,25,7,VHF/FM,147.390,147.990,203.5,REGIÓN DE TARAPACÁ,29-08-2023,29-08-2028,,,,,,,,https://www.ce1rkv.cl/,,gran-norte vhf
CE1CA RPT-C,RADIO CLUB CAVANCHA DE IQUIQUE,HUARA,CERRO MAMIÑA,-19.65,-69.1833333333,25,7,VHF/FM,147.390,147.990,203.5,REGIÓN DE TARAPACÁ,07-09-2023,29-08-2028,,,,,,,,https://www.ce1rkv.cl/,,gran-norte vhf
CE3RRM RPT-A,RADIO CLUB COLINA,COLINA,CERRO TRES OREJAS LOCALIDAD QUILAPILUN,-33.0765027778,-70.6737,10,3,VHF/FM,146.730,146.130,71.9,REGIÓN METROPOLITANA DE SANTIAGO,20-08-2021,04-03-2026,,,,,,,,,,rm vhf
CE3RRM RPT-B,RADIO CLUB COLINA,COLINA,"CERRO TRES OREJAS, QUILAPILUN ALTO",-33.0780555556,-70.6736111111,10,5,UHF/FM,433.175,438.175,71.9,REGIÓN METROPOLITANA DE SANTIAGO,20-07-2021,20-07-2026,,,,,,,,,,rm uhf
CE5REN RPT-A,RADIO CLUB CONDORES ANDINOS,LOS ÁNGELES,"EDIFICIO GOBERNACIÓN, CAUPOLICÁN N° 400",-37.7513888889,-72.5897222222,20,7,VHF/FM,147.375,147.975,141.3,REGIÓN DEL BIOBÍO,03-02-2022,16-12-2026,,,,,,,,,,sur vhf
CE4CC RPT-A,RADIO CLUB CONSTITUCION,CONSTITUCIÓN,SECTOR PANGALILLO KM 3,-35.3566666667,-72.4080555556,10,4,UHF/FM,434.575,439.575,123,REGIÓN DEL MAULE,07-11-2024,07-11-2029,,,,,,,,,,centro uhf
CE4CC RPT-B,RADIO CLUB CONSTITUCION,CONSTITUCIÓN,CERRO MUTRUN,-35.3227777778,-72.4125,25,6,VHF/FM,146.910,146.310,123,REGIÓN DEL MAULE,06-03-2025,06-03-2030,,,,,,,,,,centro vhf
CE4CC-R,CE4CC-R Echolink Repeater,CONSTITUCIÓN,,-35.3566666667,-72.4080555556,,,UHF/FM,439.555,439.555,88.5,REGIÓN DEL MAULE,,,1,,,,,,,,,centro uhf simplex
CE5CO RPT-A,RADIO CLUB CORONEL,CORONEL,CERRO ESCUADRÓN,-36.9555555556,-73.1208333333,25,7,VHF/FM,146.685,146.085,51,REGIÓN DEL BIOBÍO,05-05-2023,30-03-2028,,,,,,,,,,sur vhf
CE5CO RPT-B,RADIO CLUB CORONEL,CORONEL,CERRO QUETRA,-37.0577777778,-73.0933333333,25,7,VHF/FM,146.020,146.620,51,REGIÓN DEL BIOBÍO,02-06-2023,30-03-2028,,,,,,,,,,sur vhf
CE3AA RPT-K,RADIO CLUB DE CHILE,MAIPÚ,CERRO LO AGUIRRE,-33.4636111111,-70.8329166667,10,6,UHF/FM,433.275,438.275,123,REGIÓN METROPOLITANA DE SANTIAGO,04-10-2024,04-10-2029,,,,,,,,https://www.ce3aa.cl/,,rm uhf
CE3AA RPT-F,RADIO CLUB DE CHILE,LAMPA,CERRO CHICAUMA,-33.1841666667,-70.9772222222,10,6,UHF/FM,433.375,438.375,123,REGIÓN METROPOLITANA DE SANTIAGO,23-09-2022,23-09-2027,,,,,,,,https://www.ce3aa.cl/,,rm uhf
CE3AA RPT-G,RADIO CLUB DE CHILE,LAMPA,BRIDGE,-33.1841666667,-70.9772222222,10,6,VHF/FM,224.380,222.780,123,REGIÓN METROPOLITANA DE SANTIAGO,23-09-2022,23-09-2027,,,,,,,,https://www.ce3aa.cl/,,rm vhf
CE3AA,RADIO CLUB DE CHILE,LAMPA,CERRO CHICAUMA,-33.1841666667,-70.9772222222,10,6,VHF/FM,147.360,147.960,123,REGIÓN METROPOLITANA DE SANTIAGO,,,,,,,,,,https://www.ce3aa.cl/,,rm vhf
CE3AA RPT-DMR,RADIO CLUB DE CHILE — DMR Chicauma,LAMPA,CERRO CHICAUMA,-33.1841666667,-70.9772222222,10,6,VHF/DMR,146.640,146.040,,REGIÓN METROPOLITANA DE SANTIAGO,,,,,1,,1,,,https://www.ce3aa.cl/,,rm vhf
CE2AA RPT-L,RADIO CLUB DE CHILE,LAMPA,CERRO CHICAUMA,-33.1841666667,-70.9772222222,10,6,UHF/FM,433.750,438.750,123,REGIÓN METROPOLITANA DE SANTIAGO,04-10-2024,04-10-2029,,,,,,,,https://www.ce3aa.cl/,,rm uhf
CE5JA RPT-B,RADIO CLUB DE CONCEPCION,TALCAHUANO,R.B. NAVAL DE TALCAHUANO,-36.6916666667,-73.1086111111,25,8,VHF/FM,147.000,146.400,186.2,REGIÓN DEL BIOBÍO,17-09-2025,17-09-2030,,,,,,,,https://www.ce5ja.cl,,sur vhf
CE5JA RPT-C,RADIO CLUB DE CONCEPCION,TALCAHUANO,PENINSULA DE TUMBES,-36.7030555556,-73.12,25,8,VHF/FM,146.850,146.250,192.8,REGIÓN DEL BIOBÍO,17-09-2025,17-09-2030,,,,,,,,https://www.ce5ja.cl,,sur vhf
CE6RLA RPT-B,RADIO CLUB DE LA ARAUCANIA,PADRE LAS CASAS,CERRO HUENCHULEO,-38.7958333333,-72.5472222222,10,7,UHF/FM,433.400,438.400,123,REGIÓN DE LA ARAUCANÍA,31-08-2021,31-08-2026,,,,,,,,https://radioclubdelaaraucania.cl/,,sur uhf
CE6RLA RPT-C,RADIO CLUB DE LA ARAUCANIA,PUCÓN,CAMINO SUBIDA AL VOLCAN VILLARRICA,-39.3916666667,-71.9605555556,10,6,VHF/FM,147.000,146.400,123,REGIÓN DE LA ARAUCANÍA,31-08-2021,31-08-2026,,,,,,,,https://radioclubdelaaraucania.cl/,,sur vhf
CE6RLA RPT-D,RADIO CLUB DE LA ARAUCANIA,PADRE LAS CASAS,"CERRO HUENCHULEO, SECTOR TRUF TRUF A 6 KMS AL S/E DE TEMUCO",-38.7958333333,-72.5472222222,50,6,VHF/FM,146.730,146.130,123,REGIÓN DE LA ARAUCANÍA,03-02-2022,20-05-2026,,,,,,,,https://radioclubdelaaraucania.cl/,,sur vhf
CE6RLA RPT-A,RADIO CLUB DE LA ARAUCANIA,PADRE LAS CASAS,CERRO HUENCHULEO,-38.7958333333,-72.5472222222,25,6,VHF/FM,146.670,146.070,123,REGIÓN DE LA ARAUCANÍA,31-08-2021,31-08-2026,,,,,,,,https://radioclubdelaaraucania.cl/,,sur vhf
CE2LS RPT-J,RADIO CLUB DE LA SERENA,LA SERENA,CERRO GRANDE,-29.9388888889,-71.2233333333,20,7,UHF/FM,434.000,439.000,100,REGIÓN DE COQUIMBO,18-07-2024,18-07-2029,,,,,,,,https://www.ce2ls.cl/,,norte-chico uhf
CE2LS RPT-C,RADIO CLUB DE LA SERENA,ANDACOLLO,CERRO EL TORO,-30.2522222222,-71.1394444444,25,7,VHF/FM,147.000,146.400,100,REGIÓN DE COQUIMBO,18-07-2024,18-07-2029,,,,,,,,https://www.ce2ls.cl/,,norte-chico vhf
CE2LS RPT-D,RADIO CLUB DE LA SERENA,COQUIMBO,CERRO MINA DE ORO,-30.045,-71.3383333333,15,7,VHF/FM,146.610,146.010,100,REGIÓN DE COQUIMBO,18-07-2024,18-07-2029,,,,,,,,https://www.ce2ls.cl/,,norte-chico vhf
CE2LS RPT-I,RADIO CLUB DE LA SERENA,COQUIMBO,CERRO TOTORALILLO,-30.0472222222,-71.3575,25,7,VHF/FM,146.820,146.220,100,REGIÓN DE COQUIMBO,18-07-2024,18-07-2029,,,,,,,,https://www.ce2ls.cl/,,norte-chico vhf
CE2LS RPT-G,RADIO CLUB DE LA SERENA,DIEGO DE ALMAGRO,CERRO EL SALADO,-26.3822222222,-70.2822222222,25,7,VHF/FM,147.270,147.870,100,REGIÓN DE ATACAMA,18-07-2024,18-07-2029,,,,,,,,https://www.ce2ls.cl/,,norte-chico vhf
CE2LS RPT-H,RADIO CLUB DE LA SERENA,LOS VILOS,LOS VILOS,-31.9113888889,-71.4958333333,25,7,VHF/FM,146.910,146.310,100,REGIÓN DE COQUIMBO,18-07-2024,18-07-2029,,,,,,,,https://www.ce2ls.cl/,,norte-chico vhf
CE2LS RPT-F,RADIO CLUB DE LA SERENA,VALLENAR,OBSERVATORIO LAS CAMPANAS,-29.0069444444,-70.7047222222,25,7,VHF/FM,146.670,146.070,100,REGIÓN DE ATACAMA,18-07-2024,18-07-2029,,,,,,,,https://www.ce2ls.cl/,,norte-chico vhf
CE2LS RPT-E,RADIO CLUB DE LA SERENA,CANELA,CERRO CATAUHECHE,-31.2880555556,-71.3827777778,25,7,VHF/FM,146.850,146.250,100,REGIÓN DE COQUIMBO,18-07-2024,18-07-2029,,,,,,,,https://www.ce2ls.cl/,,norte-chico vhf
CE2LS RPT-B,RADIO CLUB DE LA SERENA,LA HIGUERA,CERRO EL CARBON,-29.5336111111,-71.1427777778,25,7,VHF/FM,147.390,147.990,100,REGIÓN DE COQUIMBO,18-07-2024,18-07-2029,,,,,,,,https://www.ce2ls.cl/,,norte-chico vhf
CE2LS RPT-A,RADIO CLUB DE LA SERENA,PAIHUANO,CERRO LAS MOLLACAS,-30.035,-70.5636111111,25,7,VHF/FM,147.030,147.630,100,REGIÓN DE COQUIMBO,18-07-2024,18-07-2029,,,,,,,,https://www.ce2ls.cl/,,norte-chico vhf
CE6RCR RPT-A,RADIO CLUB DE LOS RIOS,VALDIVIA,"C° FILÚN, CUESTA DE SOTO, HUELLELHUE - LOTE A",-39.8142,-73.2459,25,6,VHF/FM,146.820,146.220,88.5,REGIÓN DE LOS RÍOS,20-10-2025,20-10-2030,,,,,,,,https://www.ce6rcr.cl/,,los-rios vhf
CE4CNU RPT-F,RADIO CLUB DE ÑUBLE,NINHUE,CERRO COIQUEN,-36.3163888889,-72.4711111111,25,6,VHF/FM,146.910,146.310,123,REGIÓN DE NUBLE,23-10-2023,23-10-2028,,,,,,,,,,centro vhf
CE4CNU RPT-B,RADIO CLUB DE ÑUBLE,TOMÉ,CERRO NEUQUE,-36.5666666667,-72.9,25,6,VHF/FM,147.090,147.690,123,REGIÓN DEL BIOBÍO,15-09-2023,06-07-2028,,,,,,,,,,sur vhf
CE4CNU RPT-E,RADIO CLUB DE ÑUBLE,PENCAHUE,CERRO PIGUCHEN,-35.15,-71.7666666667,25,6,VHF/FM,147.120,147.720,123,REGIÓN DEL MAULE,07-03-2024,06-07-2028,,,,,,,,,,centro vhf
CE4CNU RPT-A,RADIO CLUB DE ÑUBLE,NINHUE,CERRO COIQUEN,-36.3163888889,-72.4711111111,25,6,VHF/FM,146.760,146.160,123,REGIÓN DE NUBLE,15-09-2023,06-07-2028,,,,,,,,,,centro vhf
CE6CNU RPT-D,RADIO CLUB DE ÑUBLE,ANGOL,CERRO PELAO,-37.8386111111,-72.8547222222,25,6,VHF/FM,147.330,147.930,123,REGIÓN DE LA ARAUCANÍA,10-10-2023,06-07-2028,,,,,,,,,,sur vhf
CE4CNU RPT-C,RADIO CLUB DE ÑUBLE,PINTO,CERRO LOS COLTRAHUES,-36.9252777778,-71.4836111111,25,6,VHF/FM,146.730,146.130,123,REGIÓN DE NUBLE,07-03-2024,06-07-2028,,,,,,,,,,centro vhf
CE4SCL RPT-A,RADIO CLUB DE SAN CARLOS,SAN CARLOS,CERRO VALLE EL VALIENTE,-36.5080555556,-71.5288888889,25,7,VHF/FM,147.270,147.870,123,REGIÓN DEL BIOBÍO,04-08-2025,04-08-2030,,,,,,,,,,sur vhf
CE5BIO RPT-A,RADIO CLUB DEL BIO BIO,PEMUCO,SECTOR COREA PEMUCO,-37.0228694444,-71.705875,25,6,VHF/FM,147.240,147.840,123,REGIÓN DE NUBLE,10-02-2025,10-02-2030,1,,,,,,,https://www.ce5bio.cl/,,centro vhf
CE3BIO RPT-B,RADIO CLUB DEL BIO BIO,PEMUCO,SECTOR COREA PEMUCO,-37.0228694444,-71.7067083333,10,6,UHF/FM,433.800,438.800,123,REGIÓN DE NUBLE,10-02-2025,10-02-2030,,,,,,,,https://www.ce5bio.cl/,,centro uhf
CE1DDA RPT-A,RADIO CLUB DESIERTO ATACAMA,COPIAPÓ,COPIAPO,-27.4065358333,-70.3999961111,7,3,VHF/FM,147.900,147.300,77,REGIÓN DE ATACAMA,02-08-2023,26-04-2028,,,,,,,,,,norte-chico vhf
CE1LOA RPT-B,RADIO CLUB EL LOA,CALAMA,CERRO MONTECARLOS,-22.3263888889,-68.9916666667,10,6,VHF/FM,147.180,147.780,88.5,REGIÓN DE ANTOFAGASTA,17-03-2023,29-12-2027,,,,,,,,,,gran-norte vhf
CE1LOA RPT-A,RADIO CLUB EL LOA,CALAMA,CERRO LIMON VERDE,-22.7583333333,-68.9911111111,10,6,VHF/FM,146.100,146.700,88.5,REGIÓN DE ANTOFAGASTA,17-03-2023,29-12-2027,,,,,,,,,,gran-norte vhf
CE1ESV RPT-B,RADIO CLUB EL SALVADOR,DIEGO DE ALMAGRO,LLANO DE BORAX CORDILLERA DE DOMEYCO,-26.3082777778,-69.2823333333,12,12,VHF/FM,146.610,146.010,88.5,REGIÓN DE ATACAMA,19-02-2025,19-02-2030,,,,,,,,,,norte-chico vhf
CE1ESV RPT-C,RADIO CLUB EL SALVADOR,DIEGO DE ALMAGRO,CERRO CONTRERAS EL SALVADOR,-26.3519444444,-69.5652777778,8,6.5,VHF/FM,147.330,147.930,88.5,REGIÓN DE ATACAMA,19-02-2025,19-02-2030,,,,,,,,,,norte-chico vhf
CE2ESV RPT-A,RADIO CLUB EL SALVADOR,DIEGO DE ALMAGRO,CERRO EL SALADO,-26.3780555556,-70.2802777778,8,6,VHF/FM,147.390,147.990,79.7,REGIÓN DE ATACAMA,19-02-2025,19-02-2030,,,,,,,,,,norte-chico vhf
CE4BZI RPT-A,RADIO CLUB GASTON SAEZ RONDANELLI,SAN JAVIER,CERRO GUPO,-35.6680555556,-71.9152777778,25,6,VHF/FM,146.700,146.100,123,REGIÓN DEL MAULE,02-08-2023,02-08-2028,,,,,,,,https://www.qrz.com/db/CE4BZI,,centro vhf
CE6BZI RPT-C,RADIO CLUB GASTON SAEZ RONDANELLI,LA UNIÓN,CERRO MIRADOR,-40.1666666667,-73.4666666667,25,6,VHF/FM,146.790,146.190,123,REGIÓN DE LOS RÍOS,02-08-2023,02-08-2028,,,,,,,,https://www.qrz.com/db/CE4BZI,,los-rios vhf
CE4BZI RPT-E,RADIO CLUB GASTON SAEZ RONDANELLI,TENO,CERRO CHIVATO,-34.8291666667,-71.2264444444,25,6,VHF/FM,147.180,147.780,123,REGIÓN DEL MAULE,02-08-2023,02-08-2028,,,,,,,,https://www.qrz.com/db/CE4BZI,,centro vhf
CE2GVM RPT-A,RADIO CLUB GAVIOTAS,VALPARAÍSO,CERRO COLORADO. RECINTO ARMADA DE CHILE. CAMINO LA POLVORA,-33.0819444444,-71.6169444444,15,6.7,VHF/FM,147.180,147.780,85.4,REGIÓN DE VALPARAÍSO,10-09-2024,10-09-2029,,,,,,,,,,valparaiso vhf
CE1RLP RPT-D,RADIO CLUB LA PORTADA,ANTOFAGASTA,CERRO LOS MORROS,-23.4663888889,-70.5633333333,10,6,UHF/FM,434.000,439.000,85.4,REGIÓN DE ANTOFAGASTA,20-02-2024,18-01-2029,,,,,,,,https://www.ce1rlp.cl/,,gran-norte uhf
CE1RLP RPT-A,RADIO CLUB LA PORTADA,ANTOFAGASTA,CERRO LOS MORROS,-23.4663888889,-70.5633333333,10,7,VHF/FM,147.300,147.900,85.4,REGIÓN DE ANTOFAGASTA,20-02-2024,18-01-2029,,,,,,,,https://www.ce1rlp.cl/,,gran-norte vhf
CE1RLP RPT-E,RADIO CLUB LA PORTADA,ANTOFAGASTA,CERRO ZALDIVAR,-24.1708333333,-69.0825,10,7,VHF/FM,147.240,147.840,110.9,REGIÓN DE ANTOFAGASTA,20-02-2024,18-01-2029,,,,,,,,https://www.ce1rlp.cl/,,gran-norte vhf
CE1RLP RPT-C,RADIO CLUB LA PORTADA,TALTAL,CERRO PERALES,-25.4166666667,-70.4166666667,10,7,VHF/FM,146.640,146.040,110.9,REGIÓN DE ANTOFAGASTA,26-09-2024,18-01-2029,,,,,,,,https://www.ce1rlp.cl/,,gran-norte vhf
CE1RLP RPT-K,RADIO CLUB LA PORTADA,SAN PEDRO DE ATACAMA,CERRO BARROS ARANA,-22.6945361111,-68.400325,15,6.7,VHF/FM,147.150,147.750,110.9,REGIÓN DE ANTOFAGASTA,20-02-2024,18-01-2029,,,,,,,,https://www.ce1rlp.cl/,,gran-norte vhf
CE1RLP RPT-G,RADIO CLUB LA PORTADA,CALAMA,CERRO LIMÓN VERDE,-22.7525,-68.9958333333,15,6.7,VHF/FM,146.850,146.250,85.4,REGIÓN DE ANTOFAGASTA,20-02-2024,18-01-2029,,,,,,,,https://www.ce1rlp.cl/,,gran-norte vhf
CE1RLP RPT-F,RADIO CLUB LA PORTADA,TOCOPILLA,CERRO EL TOLAR,-21.9672222222,-70.1,15,6.7,VHF/FM,147.030,147.630,110.9,REGIÓN DE ANTOFAGASTA,20-02-2024,18-01-2029,,,,,,,,https://www.ce1rlp.cl/,,gran-norte vhf
CE1RLP RPT-B,RADIO CLUB LA PORTADA,TALTAL,SIERRA VICUÑA MACKENNA,-24.45,-70.0497222222,10,7,VHF/FM,147.000,146.400,110.9,REGIÓN DE ANTOFAGASTA,26-09-2024,18-01-2029,,,,,,,,https://www.ce1rlp.cl/,,gran-norte vhf
CE6RLU RPT-A,RADIO CLUB LA UNION,LA UNIÓN,FUNDO SAN CARLOS,-40.2936,-73.0819,25,9,VHF/FM,147.390,147.990,203.5,REGIÓN DE LOS RÍOS,02-08-2023,02-08-2028,,,,,,,,,,los-rios vhf
CE5RCL RPT-A,RADIO CLUB LEBU,LEBU,"FUNDO EL DIEZMO S/N, LEBU",-37.6308333333,-73.6536111111,5,9,VHF/FM,147.150,147.750,,REGIÓN DEL BIOBÍO,26-10-2022,23-11-2025,,,,,,,,,,sur vhf
CE4LY RPT-A,RADIO CLUB LIRCAY,TALCA,VILLA ECUADOR 22 SUR 4 1/2 PTE,-35.4433333333,-71.6780555556,50,9,VHF/FM,146.380,146.980,67,REGIÓN DEL MAULE,19-12-2023,03-08-2028,,,,,,,,,,centro vhf
CE4LY RPT-B,RADIO CLUB LIRCAY,PARRAL,CERRO DIGUA,-36.2933333333,-71.4394444444,50,7,VHF/FM,147.300,147.900,67,REGIÓN DEL MAULE,20-11-2024,20-11-2029,,,,,,,,,,centro vhf
CE4LY RPT-C,RADIO CLUB LIRCAY,PARRAL,CERRO DIGUA,-36.2933333333,-71.4394444444,10,7,UHF/FM,433.100,438.100,67,REGIÓN DEL MAULE,17-12-2024,17-12-2029,,,,,,,,,,centro uhf
CE2AND RPT-B,RADIO CLUB LOS ANDES,PUTAENDO,CERRO EL TABACO,-32.6450555556,-70.8194444444,20,7,VHF/FM,147.210,147.810,79.7,REGIÓN DE VALPARAÍSO,22-07-2024,31-08-2026,,,,,,,,,,valparaiso vhf
CE2AND RPT-A,RADIO CLUB LOS ANDES,RINCONADA,CUESTA CHACABUCO,-32.9144444444,-70.7066666667,10,7,VHF/FM,146.820,146.220,79.7,REGIÓN DE VALPARAÍSO,22-07-2024,31-08-2026,,,,,,,,,,valparaiso vhf
CE2CQ RPT-A,RADIO CLUB LOS MOLINOS DE VILLA ALEMANA RADIO CLUB,VILLA ALEMANA,AV. VICTORIA N°0195,-33.0461666667,-71.3621972222,10,4.5,VHF/FM,146.880,146.280,82.5,REGIÓN DE VALPARAÍSO,04-10-2024,04-10-2029,,,,,,,,,,valparaiso vhf
CE6RTV RPT-A,RADIO CLUB LOS TORREONES DE VALDIVIA,VALDIVIA,CARLOS BENNET 1625,-39.8061111111,-73.2505555556,10,8.3,VHF/FM,146.940,146.340,151.4,REGIÓN DE LOS RÍOS,30-07-2024,05-04-2028,,,,,,,,https://www.qrz.com/db/CE6RTV,,los-rios vhf
CE7RCM RPT-A,RADIO CLUB MELIPULLI,PUERTO MONTT,ELEUTERIO RAMIREZ 928,-41.4688888889,-72.9630555556,25,6,VHF/FM,146.970,146.370,77,REGIÓN DE LOS LAGOS,07-06-2023,20-04-2028,,,,,,,,https://www.ce7rcm.cl/,,los-lagos vhf
CE5RCX RPT-B,RADIO CLUB NAHUELBUTA,NACIMIENTO,LOS GUINDOS - MEÑIR,-37.5480555556,-72.9375,25,7,VHF/FM,147.315,147.915,77,REGIÓN DEL BIOBÍO,02-08-2023,02-07-2026,,,,,,,,,,sur vhf
CE5NRC RPT-A,RADIO CLUB NEUQUE TOME,TOMÉ,CAMINO A DICHATO 840,-36.5902777778,-72.9555555556,15,7,VHF/FM,146.715,146.115,203.5,REGIÓN DEL BIOBÍO,15-05-2023,15-05-2028,,,,,,,,,,sur vhf
CE4OHI RPT-A,RADIO CLUB O'HIGGINS,RANCAGUA,"EDIFICIO DON MICHELLE, JOSE DOMINGO MUJICA 609",-34.2905555556,-70.2388888889,25,5,VHF/FM,146.820,146.220,82.5,REGIÓN DEL LIBERTADOR GENERAL BERNARDO O'HIGGINS,15-03-2024,08-01-2029,,,,,,,,,,centro vhf
CE5RPP RPT-B,RADIO CLUB PENCOPOLITANO,PENCO,LAS GRULLAS 38 - LOS RADALES,-36.7491666667,-72.9980555556,10,11.5,UHF/FM,433.375,438.375,179.9,REGIÓN DEL BIOBÍO,12-10-2022,12-10-2027,,,,,,,,https://www.ce5rpp.cl/,,sur uhf
CE5RPP RPT-A,RADIO CLUB PENCOPOLITANO,PENCO,"CAMINO A PRIMER AGUA KM 2,5",-36.7369444444,-72.9783333333,25,3,VHF/FM,146.940,146.340,,REGIÓN DEL BIOBÍO,26-10-2022,26-05-2027,,,,,,,,https://www.ce5rpp.cl/,,sur vhf
CE4PLU RPT-B,RADIO CLUB PICHILEMU,PICHILEMU,CERRO ALTO COLORADO,-34.3342388889,-71.8754805556,10,11,UHF/FM,433.675,438.675,123,REGIÓN DEL LIBERTADOR GENERAL BERNARDO O'HIGGINS,07-06-2023,20-05-2026,,,,,,,,,,centro uhf
CE4PLU RPT-A,RADIO CLUB PICHILEMU,PICHILEMU,CERRO ALTO COLORADO,-34.3342388889,-71.8754805556,25,9,VHF/FM,146.670,146.070,123,REGIÓN DEL LIBERTADOR GENERAL BERNARDO O'HIGGINS,25-08-2021,20-05-2026,,,,,,,,,,centro vhf
CE4PK RPT-A,RADIO CLUB PROMAUCAES,PICHILEMU,CERRO EL ROMERO,-34.3663888889,-71.8577777778,25,9,VHF/FM,146.760,146.160,100,REGIÓN DEL LIBERTADOR GENERAL BERNARDO O'HIGGINS,02-04-2025,02-04-2030,,,,,,,,,,centro vhf
CE4PK RPT-B,RADIO CLUB PROMAUCAES,PICHILEMU,CERRO EL ROMERO,-34.3663888889,-71.8577777778,25,9,UHF/FM,433.762,438.762,100,REGIÓN DEL LIBERTADOR GENERAL BERNARDO O'HIGGINS,02-04-2025,02-04-2030,,,,,,,,,,centro uhf
CE3PA RPT-B,RADIO CLUB PROVINCIAL CORDILLERA,SAN JOSÉ DE MAIPO,CERRO LA TINAJA SECTOR LAGUNILLA,-33.5883333333,-70.2941666667,10,6,VHF/FM,146.760,146.160,82.5,REGIÓN METROPOLITANA DE SANTIAGO,03-10-2024,03-10-2029,,,,,,,,https://www.ce3pa.cl/,,rm vhf
CE3PA RPT-D,RADIO CLUB PROVINCIAL CORDILLERA,SAN JOSÉ DE MAIPO,LOC. EL VOLCÁN,-33.8201111111,-70.1718055556,10,6,VHF/FM,146.970,146.370,82.5,REGIÓN METROPOLITANA DE SANTIAGO,03-10-2024,03-10-2029,,,,,,,,https://www.ce3pa.cl/,,rm vhf
CE3PA RPT-A,RADIO CLUB PROVINCIAL CORDILLERA,PIRQUE,CERRO EL CARDO,-33.618385,-70.5174944444,10,6,VHF/FM,147.390,147.990,,REGIÓN METROPOLITANA DE SANTIAGO,03-10-2024,03-10-2029,,,,,,,,https://www.ce3pa.cl/,,rm vhf
CE3PA RPT-C,RADIO CLUB PROVINCIAL CORDILLERA,PIRQUE,CERRO EL CARDO,-33.6185722222,-70.5174944444,10,6,UHF/FM,433.450,438.450,82.5,REGIÓN METROPOLITANA DE SANTIAGO,03-10-2024,03-10-2029,,,,,,,,https://www.ce3pa.cl/,,rm uhf
CE2OV RPT-D,RADIO CLUB PROVINCIA LIMARI,OVALLE,CERRO BLANCO,-30.3547222222,-71.2963888889,7,3.3,VHF/FM,146.790,146.190,123,REGIÓN DE COQUIMBO,02-10-2023,02-10-2028,,,,,,,,,,norte-chico vhf
CE2OV RPT-E,RADIO CLUB PROVINCIA LIMARI,OVALLE,COLINA LA SILLETA S/N,-30.6113888889,-71.2230555556,7,3.3,UHF/FM,433.575,438.575,123,REGIÓN DE COQUIMBO,02-10-2023,02-10-2028,,,,,,,,,,norte-chico uhf
CE7BLI RPT-B,RADIO CLUB PROVINCIAL DE CHILOE,CASTRO,CERRO CARACOLES,-41.8936111111,-73.8138888889,15,7,VHF/FM,146.880,146.280,69.3,REGIÓN DE LOS LAGOS,10-09-2024,10-09-2029,,,,,,,,,,los-lagos vhf
CE7BLI RPT-A,RADIO CLUB PROVINCIAL DE CHILOE,CASTRO,CERRO GAMBOA,-42.4722222222,-73.8116666667,15,8,VHF/FM,146.700,146.100,69.3,REGIÓN DE LOS LAGOS,10-09-2024,10-09-2029,,,,,,,,,,los-lagos vhf
CE2RPE RPT-A,RADIO CLUB PROVINCIAL ELQUI,COQUIMBO,CERRO PAN DE AZUCAR,-29.9902777778,-71.2652777778,10,6.5,UHF/FM,434.275,439.275,71.9,REGIÓN DE COQUIMBO,09-08-2021,09-08-2026,,,,,,,,,,norte-chico uhf
CE2RPE RPT-B,RADIO CLUB PROVINCIAL ELQUI,COQUIMBO,CERRO EL PANUL,-30.0277777778,-71.3602777778,10,7,VHF/FM,146.700,146.100,71.9,REGIÓN DE COQUIMBO,23-04-2024,27-03-2029,,,,,,,,,,norte-chico vhf
CE1IQQ RPT-A,RADIO CLUB PROVINCIAL IQUIQUE,IQUIQUE,CERRO TARAPACA,-20.3333333333,-70.1,15,7.7,VHF/FM,146.020,146.620,136.5,REGIÓN DE TARAPACÁ,26-08-2022,02-04-2026,,,,,,,,https://www.ce1iqq.cl/,,gran-norte vhf
CE1IQQ RPT-D,RADIO CLUB PROVINCIAL IQUIQUE,TOCOPILLA,CERRO TOLAR,-21.95,-70.0833333333,10,11.7,UHF/FM,433.525,438.525,136.5,REGIÓN DE ANTOFAGASTA,21-08-2022,21-08-2027,,,,,,,,https://www.ce1iqq.cl/,,gran-norte uhf
CE1IQQ RPT-E,RADIO CLUB PROVINCIAL IQUIQUE,IQUIQUE,CERRO TARAPACÁ,-20.3333333333,-70.1,10,7.5,UHF/FM,433.475,438.475,136.5,REGIÓN DE TARAPACÁ,21-08-2022,02-04-2026,,,,,,,,https://www.ce1iqq.cl/,,gran-norte uhf
CE1IQQ RPT-B,RADIO CLUB PROVINCIAL IQUIQUE,IQUIQUE,CERRO TARAPACÁ,-20.3333333333,-70.1,15,7.5,VHF/FM,146.970,146.370,136.5,REGIÓN DE TARAPACÁ,12-07-2022,02-04-2026,,,,,,,,https://www.ce1iqq.cl/,,gran-norte vhf
CE1IQQ RPT-F,RADIO CLUB PROVINCIAL IQUIQUE,IQUIQUE,SALVADOR ALLENDE ESQUINA SANTIAGO POLANEO,-20.2470277778,-70.1330555556,15,7.5,VHF/FM,146.910,146.310,136.5,REGIÓN DE TARAPACÁ,27-02-2024,02-04-2026,,,,,,,,https://www.ce1iqq.cl/,,gran-norte vhf
CE1IQQ RPT-G,RADIO CLUB PROVINCIAL IQUIQUE,IQUIQUE,CERRO TARAPACA,-20.3333333333,-70.1,15,7.5,VHF/FM,146.060,146.660,136.5,REGIÓN DE TARAPACÁ,28-02-2024,02-04-2026,,,,,,,,https://www.ce1iqq.cl/,,gran-norte vhf
CE1IQQ RPT-C,RADIO CLUB PROVINCIAL IQUIQUE,TOCOPILLA,CERRO TOLAR,-21.95,-70.0833333333,15,7.5,VHF/FM,147.285,147.885,136.5,REGIÓN DE ANTOFAGASTA,29-09-2022,02-04-2026,,,,,,,,https://www.ce1iqq.cl/,,gran-norte vhf
CE4RLN RPT-B,RADIO CLUB PROVINCIAL LINARES,LINARES,CERRO GUPO,-35.6886111111,-71.9175,20,7,VHF/FM,147.750,147.150,123,REGIÓN DEL MAULE,07-12-2022,07-12-2027,,,,,,,,,,centro vhf
CE4RLN RPT-A,RADIO CLUB PROVINCIAL LINARES,SAN FERNANDO,CERRO SANTA LUCIA,-34.6872222222,-70.7658333333,20,7,VHF/FM,146.610,146.010,123,REGIÓN DEL LIBERTADOR GENERAL BERNARDO O'HIGGINS,07-12-2022,07-12-2027,,,,,,,,,,centro vhf
CE7LL RPT-B,RADIO CLUB PROVINCIAL LLANQUIHUE,PUERTO MONTT,EGAÑA 398,-41.4716666667,-72.9294444444,25,6,VHF/FM,146.760,146.160,88.5,REGIÓN DE LOS LAGOS,22-11-2023,02-05-2028,,,,,,,,https://www.ce7ll.cl/,,los-lagos vhf
CE7LL RPT-A,RADIO CLUB PROVINCIAL LLANQUIHUE,PUERTO VARAS,VOLCAN CALBUCO,-41.3175,-72.6916666667,50,6,VHF/FM,146.670,146.070,88.5,REGIÓN DE LOS LAGOS,22-11-2023,02-05-2028,,,,,,,,https://www.ce7ll.cl/,,los-lagos vhf
CE7LL RPT-C,RADIO CLUB PROVINCIAL LLANQUIHUE,PUERTO MONTT,EGAÑA 398,-41.4716666667,-72.9294444444,25,6,VHF/FM,146.640,146.040,88.5,REGIÓN DE LOS LAGOS,30-07-2024,02-05-2028,,,,,,,,https://www.ce7ll.cl/,,los-lagos vhf
CE2AA RPT-A,RADIO CLUB PROVINCIAL VALPARAISO,VALPARAÍSO,CAMINO LA PÓLVORA S/N INSTALACIÓN D.G.T.M.,-33.0819444444,-71.6169444444,15,6,VHF/FM,147.300,147.900,,REGIÓN DE VALPARAÍSO,26-05-2023,22-11-2026,,,,,,,,https://www.ce2aa.cl/,,valparaiso vhf
CE4RG RPT-B,RADIO CLUB RANCAGUA,RANCAGUA,PALOMINOS 689 RANCAGUA,-34.1749722222,-70.7455361111,20,6,VHF/FM,146.970,146.370,123,REGIÓN DEL LIBERTADOR GENERAL BERNARDO O'HIGGINS,15-03-2024,23-11-2027,,,,,,,,https://www.ce4rg.cl/,,centro vhf
CE4RG RPT-A,RADIO CLUB RANCAGUA,REQUÍNOA,CERRO TROCALAN,-34.2422222222,-70.7163888889,25,6,VHF/FM,147.240,147.840,100,REGIÓN DEL LIBERTADOR GENERAL BERNARDO O'HIGGINS,10-09-2024,23-11-2027,,,,,,,,https://www.ce4rg.cl/,,centro vhf
CE5TH RPT-B,RADIO CLUB REGIONAL TALCAHUANO,TALCAHUANO,PATRICIO LINCH N° 288,-36.7188888889,-73.1138888889,10,6,UHF/FM,433.075,438.075,151.4,REGIÓN DEL BIOBÍO,23-03-2023,05-08-2027,,,,,,,,https://www.ce5th.cl/,,sur uhf
CE5TH RPT-A,RADIO CLUB REGIONAL TALCAHUANO,TALCAHUANO,PATRICIO LINCH N° 288,-36.7249,-73.1169,25,5,VHF/FM,147.390,147.990,151.4,REGIÓN DEL BIOBÍO,23-03-2023,05-08-2027,,,,,,,,https://www.ce5th.cl/,,sur vhf
CE4RSF RPT-B,RADIO CLUB SAN FERNANDO,SAN FERNANDO,CERRO PANGALILLO,-34.5283333333,-71.0163888889,10,3,VHF/FM,146.880,146.280,67,REGIÓN DEL LIBERTADOR GENERAL BERNARDO O'HIGGINS,07-09-2023,07-09-2028,,,,,,,,,,centro vhf
CE4RSF RPT-A,RADIO CLUB SAN FERNANDO,SAN FERNANDO,CERRO ALTO LAS ROMAZAS,-34.5497222222,-70.8102777778,20,6,VHF/FM,147.060,147.660,88.5,REGIÓN DEL LIBERTADOR GENERAL BERNARDO O'HIGGINS,07-09-2023,07-09-2028,,,,,,,,,,centro vhf
CE4RSF RPT-C,RADIO CLUB SAN FERNANDO,SAN FERNANDO,CERRO LAS ROMANZAS,-34.5452777778,-70.8016666667,10,3,UHF/FM,434.980,439.980,67,REGIÓN DEL LIBERTADOR GENERAL BERNARDO O'HIGGINS,22-08-2025,20-08-2030,,,,,,,,,,centro uhf
CE6TC RPT-B,RADIO CLUB TEMUCO,LAUTARO,CERRO PILMAHUE,-38.5666666667,-72.6166666667,25,7,VHF/FM,146.940,146.340,67,REGIÓN DE LA ARAUCANÍA,11-02-2021,11-02-2026,,,,,,,,https://www.ce6tc.cl/,,sur vhf
CE6TRA RPT-A,RADIO CLUB TRAIGUEN,TRAIGUÉN,CERRO LAS MESAS,-38.1641666667,-72.5086111111,10,6,VHF/FM,147.360,147.960,203.5,REGIÓN DE LA ARAUCANÍA,22-04-2024,27-03-2029,,,,,,,,,,sur vhf
CE6TRA RPT-B,RADIO CLUB TRAIGUEN,LUMACO,ESCUELA,-38.2583333333,-73.0511111111,10,6,VHF/FM,146.700,146.100,74.4,REGIÓN DE LA ARAUCANÍA,22-04-2024,27-03-2029,,,,,,,,,,sur vhf
CE6VC RPT-A,RADIO CLUB VALDIVIA,CORRAL,LUMACO ALTO,-39.9887277778,-73.2259611111,25,5,VHF/FM,146.380,146.980,88.5,REGIÓN DE LOS RÍOS,03-04-2025,03-04-2030,,,,,,,,,,los-rios vhf
CE4CVC RPT-B,RADIO CLUB VALLE DE COLCHAGUA,NANCAGUA,CERRO RUCATALCA,-34.5925,-71.2105555556,15,6,VHF/FM,146.790,146.190,151.4,REGIÓN DEL LIBERTADOR GENERAL BERNARDO O'HIGGINS,15-03-2024,06-11-2028,,,,,,,,,,centro vhf
CE4CVC RPT-A,RADIO CLUB VALLE DE COLCHAGUA,SAN FERNANDO,CERRO PANGALILLO,-34.5252777778,-71.0161111111,20,9,VHF/FM,146.730,146.130,151.4,REGIÓN DEL LIBERTADOR GENERAL BERNARDO O'HIGGINS,07-03-2024,06-11-2028,,,,,,,,,,centro vhf
CE4CVC   RPT-A,RADIO CLUB VALLE DE COLCHAGUA,NANCAGUA,"CERRO RUCATALCA, NANCAGUA",-34.5925,-71.2105555556,10,7,UHF/FM,433.475,438.475,151.4,REGIÓN DEL LIBERTADOR GENERAL BERNARDO O'HIGGINS,05-08-2025,05-08-2030,,,,,,,,,,centro uhf
CE4CVC RPT-C,RADIO CLUB VALLE DE COLCHAGUA,SAN FERNANDO,CERRO SANTA LUCIA,-34.6872222222,-70.7658333333,20,9,VHF/FM,147.090,147.690,123,REGIÓN DEL LIBERTADOR GENERAL BERNARDO O'HIGGINS,15-03-2024,06-11-2028,,,,,,,,,,centro vhf
CE1RVL RPT-A,RADIO CLUB VALLENAR,VALLENAR,MINA ALGARROBO,-28.81,-71.0169444444,25,3,VHF/FM,147.180,147.780,77,REGIÓN DE ATACAMA,28-10-2022,28-10-2027,,,,,,,,https://www.ce1rvl.cl/,,norte-chico vhf
CE1RVL RPT-B,RADIO CLUB VALLENAR,FREIRINA,CERRO INFERNILLO,-28.4577777778,-70.9502777778,10,6,VHF/FM,146.910,146.310,77,REGIÓN DE ATACAMA,08-11-2023,18-05-2027,,,,,,,,https://www.ce1rvl.cl/,,norte-chico vhf
CA4HVE RPT-A,RADIO CLUB VALLES DEL TUTUVEN,CAUQUENES,CERRO NAME,-35.7206444444,-72.2177416667,25,7,VHF/FM,147.330,147.930,123,REGIÓN DEL MAULE,04-10-2023,04-10-2028,,,,,,,,,,centro vhf
CE2RVI RPT-B,RADIO CLUB VICUÑA,VICUÑA,O'HIGGINS 262,-30.0377777778,-70.7013888889,10,6,VHF/FM,146.880,146.280,162.2,REGIÓN DE COQUIMBO,28-11-2022,28-11-2027,,,,,,,,,,norte-chico vhf
CE6RCV RPT-A,RADIO CLUB VILLARRICA,VILLARRICA,CERRO TRALCAHUE,-39.3747666667,-72.2005111111,25,6,VHF/FM,147.120,147.720,123,REGIÓN DE LA ARAUCANÍA,26-10-2022,21-04-2026,,,,,,,,https://www.ce6rcv.cl/,,sur vhf
CE2VOL RPT-B,RADIO CLUB VIÑA DEL MAR,CURICÓ,AVENIDA RAMON FREIRE 2562,-35.1977777778,-71.0308333333,10,9,VHF/FM,147.270,147.870,151.4,REGIÓN DEL MAULE,15-07-2025,15-07-2030,,,,,,,,https://radioclubvina.cl/,,centro vhf
CE2VOL RPT-C,RADIO CLUB VIÑA DEL MAR,CHANCO,CERRO MOLCO,-35.7873555556,-72.4113305556,10,6.8,VHF/FM,147.960,147.360,151.4,REGIÓN DEL MAULE,03-08-2023,17-01-2027,,,,,,,,https://radioclubvina.cl/,,centro vhf
CE2VOL RPT-A,RADIO CLUB VIÑA DEL MAR,VALPARAÍSO,CERRO COLORADO RECINTO ARMADA DE CHILE LA POLVORA,-33.0819444444,-71.6169444444,11,9,VHF/FM,146.820,146.220,151.4,REGIÓN DE VALPARAÍSO,07-11-2022,17-01-2027,,,,,,,,https://radioclubvina.cl/,,valparaiso vhf
CE6RCO RPT-A,RADIO CLUB VOLCÁN OSORNO,SAN JUAN DE LA COSTA,RUTA U-40 SECTOR LA CUMBRE,-40.6130555556,-73.4263888889,15,7,VHF/FM,146.850,146.250,189.9,REGIÓN DE LOS LAGOS,14-08-2025,14-08-2030,,,,,,,,,,los-lagos vhf
CE2AQ RPT-A,RADIOCLUB AMIGOS DE LA RADIOAFICIÓN,OLMUÉ,CORDON PARQUE NACIONAL LA CAMPANA,-32.9758333333,-71.015,20,6,VHF/FM,146.700,146.100,74.4,REGIÓN DE VALPARAÍSO,19-11-2024,19-11-2029,,,,,,,,,,valparaiso vhf
CE7RPV RPT-A,RADIOCLUB PUERTO VARAS,PUERTO VARAS,VOLCAN CALBUCO,-41.3209166667,-72.6685194444,10,6,VHF/FM,147.060,147.660,100,REGIÓN DE LOS LAGOS,21-03-2024,07-09-2028,,,,,,,,https://www.qrz.com/db/CE7RPV,,los-lagos vhf
CE7RPV RPT-B,RADIOCLUB PUERTO VARAS,PUERTO VARAS,VOLCAN CALBUCO,-41.3209166667,-72.6685194444,10,6,UHF/FM,433.100,438.100,123,REGIÓN DE LOS LAGOS,26-03-2024,07-09-2028,,,,,,,,https://www.qrz.com/db/CE7RPV,,los-lagos uhf
CE4SF RPT-A,SIN FRONTERA AGRUPACION RADIO CLUB,PARRAL,CERRO DIGUA,-36.2933333333,-71.4394444444,10,7,VHF/FM,146.850,146.250,151.4,REGIÓN DEL MAULE,10-09-2024,10-09-2029,,,,,,,,,,centro vhf
XQ1KK-L,Red Chile - Arica,Arica,,-18.475,-70.3144444,,,VHF/FM,147.540,147.540,88.5,REGIÓN DE ARICA Y PARINACOTA,,,1,Red Chile,,,,,,https://redchile.org/,,gran-norte vhf simplex
CE1NAH-R,Red Chile - Iquique,Iquique,,-20.2166667,-70.1666667,,,VHF/FM,146.950,146.950,23,REGIÓN DE TARAPACÁ,,,1,Red Chile,,,,,,https://redchile.org/,,gran-norte vhf simplex
CE1NAH-L,Red Chile - La Huayca,La Huayca,,-20.25,-70.1166667,,,VHF/FM,146.950,146.950,23,REGIÓN DE TARAPACÁ,,,1,Red Chile,,,,,,https://redchile.org/,,gran-norte vhf simplex
CE1AZP-L,Red Chile - Antofagasta,Antofagasta,,-23.6333333,-70.4,,,VHF/FM,146.420,146.420,,REGIÓN DE ANTOFAGASTA,,,1,Red Chile,,,,,,https://redchile.org/,,gran-norte vhf simplex
CA1HDG-L,Red Chile - Copiapo,Copiapo,,-27.3666667,-70.3166667,,,VHF/FM,147.430,147.430,,REGIÓN DE ATACAMA,,,1,Red Chile,,,,,,https://redchile.org/,,norte-chico vhf simplex
CA1HDG-R,Red Chile - Coquimbo,Coquimbo,,-29.95,-71.3333333,,,VHF/FM,146.420,146.420,,REGIÓN DE COQUIMBO,,,1,Red Chile,,,,,,https://redchile.org/,,norte-chico vhf simplex
CE2MTP-L,Red Chile - Paihuano,Paihuano,,-30.0166667,-70.5166667,,,VHF/FM,147.540,147.540,,REGIÓN DE COQUIMBO,,,1,Red Chile,,,,,,https://redchile.org/,,norte-chico vhf simplex
CE2RVV-L,Red Chile - Llay Llay,Llay Llay,,-32.85,-70.9666667,,,VHF/FM,145.050,145.050,,REGIÓN DE VALPARAÍSO,,,1,Red Chile,,,,,,https://redchile.org/,,valparaiso vhf simplex
CE2LGI-L,Red Chile - Los Andes,Los Andes,,-32.8166667,-70.6166667,,,VHF/FM,147.180,147.180,67.0,REGIÓN DE VALPARAÍSO,,,1,Red Chile,,,,,,https://redchile.org/,,valparaiso vhf simplex
CE2JJF-L,Red Chile - Isla Negra,Isla Negra,,-33.4,-71.7,,,VHF/FM,146.490,146.490,,REGIÓN DE VALPARAÍSO,,,1,Red Chile,,,,,,https://redchile.org/,,valparaiso vhf simplex
CE2KVL-L,Red Chile - Valparaiso,Valparaiso,,-33.0458333,-71.6163889,,,VHF/FM,146.590,146.590,67.0,REGIÓN DE VALPARAÍSO,,,1,Red Chile,,,,,,https://redchile.org/,,valparaiso vhf simplex
CA2JOT-L,Red Chile - Quilpue,Quilpue,,-33.05,-71.45,,,VHF/FM,146.320,146.320,67.0,REGIÓN DE VALPARAÍSO,,,1,Red Chile,,,,,,https://redchile.org/,,valparaiso vhf simplex
CE2BMA-L,Red Chile - Villa Alemana,Villa Alemana,,-33.05,-71.3666667,,,VHF/FM,146.440,146.440,67,REGIÓN DE VALPARAÍSO,,,1,Red Chile,,,,,,https://redchile.org/,,valparaiso vhf simplex
CE2BMA-R,Red Chile - Limache,Limache,,-32.9833333,-71.2833333,,,VHF/FM,145.220,145.220,67,REGIÓN DE VALPARAÍSO,,,1,Red Chile,,,,,,https://redchile.org/,,valparaiso vhf simplex
CE3LWV-L,Red Chile - El Monte,El Monte,,-33.6833333,-71.0166667,,,VHF/FM,146.500,146.500,,REGIÓN METROPOLITANA DE SANTIAGO,,,1,Red Chile,,,,,,https://redchile.org/,,rm vhf simplex
CE3LWV-R,Red Chile - María Pinto,María Pinto,,-33.5333333,-71.1333333,,,VHF/FM,146.550,146.550,,REGIÓN METROPOLITANA DE SANTIAGO,,,1,Red Chile,,,,,,https://redchile.org/,,rm vhf simplex
CA3AMG-L,Red Chile - Renca,Renca,,-33.4,-70.7333333,,,VHF/FM,145.550,145.550,,REGIÓN METROPOLITANA DE SANTIAGO,,,1,Red Chile,,,,,,https://redchile.org/,,rm vhf simplex
CE3PBR-L,Red Chile - San Joaquín,San Joaquín,,-33.5,-70.6166667,,,VHF/FM,147.540,147.540,,REGIÓN METROPOLITANA DE SANTIAGO,,,1,Red Chile,,,,,,https://redchile.org/,,rm vhf simplex
CE3IME-L,Red Chile - Las Condes,Las Condes,,-33.4166667,-70.5833333,,,VHF/FM,146.180,146.180,,REGIÓN METROPOLITANA DE SANTIAGO,,,1,Red Chile,,,,,,https://redchile.org/,,rm vhf simplex
CE3WAQ-L,Red Chile - Las Condes,Las Condes,,-33.4166667,-70.5833333,,,VHF/FM,146.420,146.420,,REGIÓN METROPOLITANA DE SANTIAGO,,,1,Red Chile,,,,,,https://redchile.org/,,rm vhf simplex
CE3PPY-L,Red Chile - Cerro Navia,Cerro Navia,,-33.4166667,-70.7166667,,,VHF/FM,147.410,147.410,,REGIÓN METROPOLITANA DE SANTIAGO,,,1,Red Chile,,,,,,https://redchile.org/,,rm vhf simplex
CE3KA-L,Red Chile - La Cisterna,La Cisterna,,-33.55,-70.6833333,,,VHF/FM,147.430,147.430,,REGIÓN METROPOLITANA DE SANTIAGO,,,1,Red Chile,,,,,,https://redchile.org/,,rm vhf simplex
CE4CVX-L,Red Chile - Coltauco,Coltauco,,-34.287229,-71.085723,,,VHF/FM,147.000,147.000,,REGIÓN DEL LIBERTADOR GENERAL BERNARDO O'HIGGINS,,,1,Red Chile,,,,,,https://redchile.org/,,centro vhf simplex
CA4FBR-L,Red Chile - Talca,Talca,,-35.4333333,-71.6666667,,,VHF/FM,147.650,147.650,88.5,REGIÓN DEL MAULE,,,1,Red Chile,,,,,,https://redchile.org/,,centro vhf simplex
CE4UYP-L,Red Chile - Chillán,Chillán,,-36.6,-72.1166667,,,VHF/FM,146.550,146.550,151.4,REGIÓN DE NUBLE,,,1,Red Chile,,,,,,https://redchile.org/,,centro vhf simplex
CE4JVU-L,Red Chile - Rengo,Rengo,,-34.4166667,-70.8666667,,,VHF/FM,146.450,146.450,71.9,REGIÓN DEL LIBERTADOR GENERAL BERNARDO O'HIGGINS,,,1,Red Chile,,,,,,https://redchile.org/,,centro vhf simplex
CE4VRI-R,Red Chile - Chanco,Chanco,,-35.7333333,-72.5333333,,,VHF/FM,145.400,145.400,,REGIÓN DEL MAULE,,,1,Red Chile,,,,,,https://redchile.org/,,centro vhf simplex
XQ5OS-L,Red Chile - Yumbel,Yumbel,,-37.1333333,-72.5333333,,,VHF/FM,146.420,146.420,67,REGIÓN DEL BIOBÍO,,,1,Red Chile,,,,,,https://redchile.org/,,sur vhf simplex
CE5MBM-L,Red Chile - Dichato,Dichato,,-36.6166667,-72.95,,,VHF/FM,146.500,146.500,123,REGIÓN DEL BIOBÍO,,,1,Red Chile,,,,,,https://redchile.org/,,sur vhf simplex
CE5AUC-R,Red Chile - Laja,Laja,,-37.2666667,-72.7,,,VHF/FM,147.500,147.500,123,REGIÓN DEL BIOBÍO,,,1,Red Chile,,,,,,https://redchile.org/,,sur vhf simplex
CE7UQS-L,Red Chile - Temuco,Temuco,,-38.75,-72.6666667,,,VHF/FM,146.350,146.350,123,REGIÓN DE LA ARAUCANÍA,,,1,Red Chile,,,,,,https://redchile.org/,,sur vhf simplex
XQ6RMG-L,Red Chile - Temuco,Temuco,,-38.75,-72.6666667,,,VHF/FM,147.350,147.350,146.2,REGIÓN DE LA ARAUCANÍA,,,1,Red Chile,,,,,,https://redchile.org/,,sur vhf simplex
XQ6RMG-R,Red Chile - Temuco,Temuco,,-38.75,-72.6666667,,,VHF/FM,147.420,147.420,123,REGIÓN DE LA ARAUCANÍA,,,1,Red Chile,,,,,,https://redchile.org/,,sur vhf simplex
CE6PHG-L,Red Chile - Villarrica,Villarrica,,-39.2666667,-72.2166667,,,VHF/FM,146.200,146.800,203.5,REGIÓN DE LA ARAUCANÍA,,,1,Red Chile,,,,,,https://redchile.org/,,sur vhf
CE6ROX-L,Red Chile - Lautaro,Lautaro,,-38.5291667,-72.435,,,VHF/FM,146.200,146.800,203.5,REGIÓN DE LA ARAUCANÍA,,,1,Red Chile,,,,,,https://redchile.org/,,sur vhf
CE6RCR-L,Red Chile - Valdivia,Valdivia,,-39.8,-73.2333333,,,VHF/FM,146.850,146.850,,REGIÓN DE LOS RÍOS,,,1,Red Chile,,,,,,https://redchile.org/,,los-rios vhf simplex
CE7RVF-L,Red Chile - Puerto Varas,Puerto Varas,,-41.3166667,-72.9833333,,,VHF/FM,146.430,146.430,,REGIÓN DE LOS LAGOS,,,1,Red Chile,,,,,,https://redchile.org/,,los-lagos vhf simplex
CD7LVC-L,Red Chile - Castro Chiloé,Castro Chiloé,,-42.4666667,-73.8,,,VHF/FM,146.420,146.420,,REGIÓN DE LOS LAGOS,,,1,Red Chile,,,,,,https://redchile.org/,,los-lagos vhf simplex
CE7DNN-L,Red Chile - Tenaun Chiloé,Tenaun Chiloé,,-42.3666667,-73.7,,,VHF/FM,146.500,146.500,,REGIÓN DE LOS LAGOS,,,1,Red Chile,,,,,,https://redchile.org/,,los-lagos vhf simplex
CE7DE-L,Red Chile - Queilén Chiloé,Queilén Chiloé,,-42.8666667,-73.4666667,,,VHF/FM,147.500,147.500,,REGIÓN DE LOS LAGOS,,,1,Red Chile,,,,,,https://redchile.org/,,los-lagos vhf simplex
CE7VP-L,Red Chile - Quellón Chiloé,Quellón Chiloé,,-43.1,-73.6,,,VHF/FM,146.420,146.420,,REGIÓN DE LOS LAGOS,,,1,Red Chile,,,,,,https://redchile.org/,,los-lagos vhf simplex
CA7VHX-L,Red Chile - Ancud Chiloé,Ancud Chiloé,,-41.8666667,-73.8333333,,,VHF/FM,146.580,146.580,67,REGIÓN DE LOS LAGOS,,,1,Red Chile,,,,,,https://redchile.org/,,los-lagos vhf simplex
CE8CAU-L,Red Chile - Punta Arenas,Punta Arenas,,-53.1669444,-70.9336111,,,VHF/FM,147.800,147.800,,REGIÓN DE MAGALLANES Y DE LA ANTÁRTICA CHILENA,,,1,Red Chile,,,,,,https://redchile.org/,,patagonia vhf simplex
CE8RJN-L,Red Chile - Puerto Porvenir,Puerto Porvenir,,-53.3,-70.3666667,,,VHF/FM,147.540,147.540,,REGIÓN DE MAGALLANES Y DE LA ANTÁRTICA CHILENA,,,1,Red Chile,,,,,,https://redchile.org/,,patagonia vhf simplex
CA7TWY-L,Red Echolink Chile - Puerto Montt,Puerto Montt,,-41.4666667,-72.9333333,,,VHF/FM,146.550,146.550,,REGIÓN DE LOS LAGOS,,,1,Red Echolink Chile,,,,,,https://echolinkchile.cl/,,los-lagos vhf simplex
CE4VYB-L,Red Echolink Chile - Chillán,Chillán,,-36.6,-72.1166667,,,VHF/FM,147.440,147.440,,REGIÓN DE NUBLE,,,1,Red Echolink Chile,,,,,,https://echolinkchile.cl/,,centro vhf simplex
CE4TAG-L,Red Echolink Chile - San Francisco de Mostazal,San Francisco de Mostazal,,-33.9833333,-70.7,,,VHF/FM,146.460,146.460,,REGIÓN DEL LIBERTADOR GENERAL BERNARDO O'HIGGINS,,,1,Red Echolink Chile,,,,,,https://echolinkchile.cl/,,centro vhf simplex
CA4JNU-L,Red Echolink Chile - Empedrado,Empedrado,,-35.6,-72.2833333,,,VHF/FM,146.210,146.210,,REGIÓN DEL MAULE,,,1,Red Echolink Chile,,,,,,https://echolinkchile.cl/,,centro vhf simplex
CE3EDQ-L,Red Echolink Chile - Santiago,Santiago,,-33.45,-70.6666667,,,VHF/FM,147.740,147.740,,REGIÓN METROPOLITANA DE SANTIAGO,,,1,Red Echolink Chile,,,,,,https://echolinkchile.cl/,,rm vhf simplex
CE6RLA-L,Red Echolink Chile - Temuco,Temuco,,-38.75,-72.6666667,,,VHF/FM,147.560,147.560,203.5,REGIÓN DE LA ARAUCANÍA,,,1,Red Echolink Chile,,,,,,https://echolinkchile.cl/,,sur vhf simplex
CA6ELP-L,RCDR - Valdivia,Valdivia,,-39.8,-73.2333333,,,VHF/FM,145.430,145.430,,REGIÓN DE LOS RÍOS,,,1,RCDR,,,,,,https://www.rcdr.cl/,,los-rios vhf simplex
CA4JPX-L,RCDR - Nueva Imperial,Nueva Imperial,,-38.7333333,-72.95,,,VHF/FM,145.430,145.430,,REGIÓN DE LA ARAUCANÍA,,,1,RCDR,,,,,,https://www.rcdr.cl/,,sur vhf simplex
CA2VCR-L,RCDR - La Serena,La Serena,,-29.9,-71.25,,,VHF/FM,145.430,145.430,,REGIÓN DE COQUIMBO,,,1,RCDR,,,,,,https://www.rcdr.cl/,,norte-chico vhf simplex
CD2LNQ-L,RCDR - Los Andes,Los Andes,,-32.8166667,-70.6166667,,,VHF/FM,145.430,145.430,,REGIÓN DE VALPARAÍSO,,,1,RCDR,,,,,,https://www.rcdr.cl/,,valparaiso vhf simplex
CA4SVL-L,RCDR - Rauco,Rauco,,-34.9333333,-71.3166667,,,VHF/FM,145.430,145.430,,REGIÓN DEL LIBERTADOR GENERAL BERNARDO O'HIGGINS,,,1,RCDR,,,,,,https://www.rcdr.cl/,,centro vhf simplex
CA3VNX-L,RCDR - El Monte,El Monte,,-33.6833333,-71.0166667,,,VHF/FM,145.530,145.530,,REGIÓN METROPOLITANA DE SANTIAGO,,,1,RCDR,,,,,,https://www.rcdr.cl/,,rm vhf simplex
CD6AWE-L,RCDR - Futrono,Futrono,,-40.1333333,-72.4,,,VHF/FM,145.430,145.430,,REGIÓN DE LOS RÍOS,,,1,RCDR,,,,,,https://www.rcdr.cl/,,los-rios vhf simplex
CE3HKG-L,RCDR - Peñalolén,Peñalolén,,-33.4833333,-70.5333333,,,VHF/FM,145.430,145.430,77.0,REGIÓN METROPOLITANA DE SANTIAGO,,,1,RCDR,,,,,,https://www.rcdr.cl/,,rm vhf simplex
CD5ILA-L,RCDR - Chiguayante,Chiguayante,,-36.9166667,-73.0166667,,,VHF/FM,145.550,145.550,,REGIÓN DEL BIOBÍO,,,1,RCDR,,,,,,https://www.rcdr.cl/,,sur vhf simplex
CE5HRJ-L,RCDR - Penco,Penco,,-36.7333333,-72.9833333,,,VHF/FM,145.430,145.430,77.0,REGIÓN DEL BIOBÍO,,,1,RCDR,,,,,,https://www.rcdr.cl/,,sur vhf simplex
CE3KGB-L,San Jose de Maipo,San Jose de Maipo,,-33.6333333,-70.3666667,,,VHF/FM,147.900,147.900,88.5,REGIÓN METROPOLITANA DE SANTIAGO,,,1,Sistema Interconectado CE2RPE,,,,,,https://www.qrz.com/db/CE2RPE,,rm vhf simplex
CE3KGB-L,RCDR - San Jose de Maipo,San Jose de Maipo,,-33.6333333,-70.3666667,,,VHF/FM,145.630,145.630,,REGIÓN METROPOLITANA DE SANTIAGO,,,1,RCDR,,,,,,https://www.rcdr.cl/,,rm vhf simplex
CE4LAB-L,RCDR - San Joaquin,San Joaquin,,-33.5,-70.6166667,,,UHF/FM,433.430,433.430,,REGIÓN METROPOLITANA DE SANTIAGO,,,1,RCDR,,,,,,https://www.rcdr.cl/,,rm uhf simplex
CA2BSG-L,RCDR - Viña del Mar,Viña del Mar,,-33.0245,-71.5518,,,VHF/FM,145.430,145.430,,REGIÓN DE VALPARAÍSO,,,1,RCDR,,,,,,https://www.rcdr.cl/,,valparaiso vhf simplex
CD4BSD-L,RCDR - Constitución,Constitución,,-35.3333333,-72.4166667,,,VHF/FM,145.430,145.430,,REGIÓN DEL MAULE,,,1,RCDR,,,,,,https://www.rcdr.cl/,,centro vhf simplex
CD4SDA-L,RCDR - Curepto,Curepto,,-35.0833333,-72.0166667,,,VHF/FM,145.430,145.430,,REGIÓN DEL MAULE,,,1,RCDR,,,,,,https://www.rcdr.cl/,,centro vhf simplex
CA4JPX-L,RCDR - Nodo móvil (satelital),,Nodo en movimiento dentro del país,-35.5,-71.5,,,VHF/FM,145.650,145.650,,GLOBAL,,,1,RCDR,,,,,,https://www.rcdr.cl/,Nodo en movimiento dentro del país; enlace satelital 145.650 MHz,movil vhf simplex
CE5UNI-L,RCDR - Concepción,Concepción,Universidad de Concepción,-36.83101365,-73.03468047,,,UHF/FM,433.430,433.430,77.0,REGIÓN DEL BIOBÍO,,,1,RCDR,,,,,,https://www.rcdr.cl/,,sur uhf simplex
RC-TALAGANTE,Radio Club Talagante - Encuentro,Talagante,,-33.6667,-70.9333,,,VHF/FM,147.100,147.100,,REGIÓN METROPOLITANA DE SANTIAGO,,,,,,,,,,https://www.radioclubtalagante.cl/,Frecuencia de encuentro VHF simplex/directo,rm vhf simplex
CE5RPP-R,Conferencia Sur - Penco,Penco,,-36.7408,-72.9953,,,VHF/FM,146.940,146.340,88.5,REGIÓN DEL BIOBÍO,,,1,SUR,,,,,,https://conferenciasur.cl/,,sur vhf
CA5EHC-L,Conferencia Sur - Coronel,Coronel,,-36.9555555556,-73.1208333333,,,VHF/FM,145.550,145.550,67,REGIÓN DEL BIOBÍO,,,1,SUR,,,,,,https://conferenciasur.cl/,,sur vhf simplex
CE5VKK-L,Conferencia Sur - Concepción,Concepción,,-36.8269,-73.0503,,,VHF/FM,147.500,147.500,123,REGIÓN DEL BIOBÍO,,,1,SUR,,,,,,https://conferenciasur.cl/,,sur vhf simplex
CE5UFR-L,Conferencia Sur - Puerto Montt,Puerto Montt,,-41.4688888889,-72.9630555556,,,VHF/FM,,,,REGIÓN DE LOS LAGOS,,,1,SUR,,,,,,https://conferenciasur.cl/,,los-lagos vhf
CA3HRS-L,CA3HRS-L Echolink,Cabrero,,-37.0333,-72.4,,,VHF/FM,144.350,144.350,,REGIÓN DEL BIOBÍO,,,1,,,,,,,,,sur vhf simplex
CA2RDP-L,Conferencia Sur - La Serena,La Serena,,-29.9388888889,-71.2233333333,,,VHF/FM,145.680,145.680,88.5,REGIÓN DE COQUIMBO,,,1,SUR,,,,,,https://conferenciasur.cl/,,norte-chico vhf simplex
CE5UNI-L,Conferencia Sur - UdeC,Concepción,Universidad de Concepción,-36.83101365,-73.03468047,,,VHF/FM,220.100,224.980,88.5,REGIÓN DEL BIOBÍO,,,1,SUR,,,,,,https://conferenciasur.cl/,,sur vhf
CE5NCR,Conferencia Sur - Nahuelbuta,Cañete,,-37.7531805556,-73.3611666667,,,VHF/FM,146.750,146.150,100,REGIÓN DEL BIOBÍO,,,1,SUR,,,,,,https://conferenciasur.cl/,,sur vhf
CE2VXY-R,Conferencia Sur - Ovalle,Ovalle,,-30.6026,-71.1978,,,VHF/FM,146.790,146.190,123,REGIÓN DE COQUIMBO,,,1,SUR,,,,,,https://conferenciasur.cl/,,norte-chico vhf
CE5PR-L,Conferencia Sur - Lebu,Lebu,,-37.6070,-73.6508,,,VHF/FM,146.000,146.000,88.5,REGIÓN DEL BIOBÍO,,,1,SUR,,,,,,https://conferenciasur.cl/,,sur vhf simplex
CA4KET-L,Conferencia Sur - Talca,Talca,,-35.4433333,-71.6780555556,,,UHF/FM,432.700,432.700,88.5,REGIÓN DEL MAULE,,,1,SUR,,,,,,https://conferenciasur.cl/,,centro uhf simplex
CE3RDV,RADIO CLUB VALLES DEL MAIPO,Buin,Centro urbano,-33.7333333333,-70.7333333333,,,VHF/FM,146.480,146.480,,REGIÓN METROPOLITANA DE SANTIAGO,,,,,,,,,,https://ce3rdv.cl/,,rm vhf simplex
CE3BIO,RADIO CLUB DEL BIOBIO,LOS ANGELES,LOS ANGELES CENTRO,-37.4697305556,-72.3536611111,,,VHF/FM,146.790,146.190,,REGIÓN DEL BIOBÍO,,,,,1,,1,1,,https://www.ce5bio.cl/,,sur vhf
CE3SER-VHF,CE3SER — Simplex VHF (emergencias RC Chile),Santiago,Centro urbano,-33.45,-70.6666667,,,VHF/FM,146.520,146.520,,REGIÓN METROPOLITANA DE SANTIAGO,,,,,,,,,,https://www.ce3ser.cl/,,emergencias encuentro rm vhf simplex
CE3SER-UHF,CE3SER — Simplex UHF (emergencias RC Chile),Santiago,Centro urbano,-33.45,-70.6666667,,,UHF/FM,433.520,433.520,,REGIÓN METROPOLITANA DE SANTIAGO,,,,,,,,,,https://www.ce3ser.cl/,,emergencias encuentro rm uhf simplex
ZDMR Punitaqui,Zona DMR CL — Punitaqui,Punitaqui,Simplex VHF · CA2FHD,-30.7828,-71.2247,,,VHF/DMR,145.680,145.680,,REGIÓN DE COQUIMBO,,,,Zona DMR CL,1,,1,2,730 7300444,https://zonadmr.cl/nodos/,,norte-chico vhf simplex
ZDMR Vicuña,Zona DMR CL — Vicuña,Vicuña,Simplex VHF · CE2DRB,-30.0319,-70.7081,,,VHF/DMR,145.650,145.650,,REGIÓN DE COQUIMBO,,,,Zona DMR CL,1,,1,2,730 7300444,https://zonadmr.cl/nodos/,,norte-chico vhf simplex
ZDMR Isla Negra,Zona DMR CL — Isla Negra,Isla Negra,Simplex VHF · CE2JJF,-33.7889,-71.7028,,,VHF/DMR,144.600,144.600,,REGIÓN DE VALPARAÍSO,,,,Zona DMR CL,1,,1,2,730 7300444 7301,https://zonadmr.cl/nodos/,,valparaiso vhf simplex
ZDMR Combarbalá,Zona DMR CL — Combarbalá,Combarbalá,Simplex VHF · CE2JDX,-31.1764,-70.9553,,,VHF/DMR,146.460,146.460,,REGIÓN DE COQUIMBO,,,,Zona DMR CL,1,,1,2,730 7300444,https://zonadmr.cl/nodos/,,norte-chico vhf simplex
ZDMR La Serena,Zona DMR CL — La Serena,La Serena,Simplex UHF · CA2RDP,-29.9027,-71.2522,,,UHF/DMR,433.080,433.080,,REGIÓN DE COQUIMBO,,,,Zona DMR CL,1,,1,2,7300444,https://zonadmr.cl/nodos/,,norte-chico uhf simplex
ZDMR Maipú,Zona DMR CL — Maipú,Maipú,UHF dúplex −5 MHz · CA3DPI,-33.5095,-70.7567,,,UHF/DMR,435.450,430.450,,REGIÓN METROPOLITANA DE SANTIAGO,,,,Zona DMR CL,1,,1,1,730 7300444,https://zonadmr.cl/nodos/,,rm uhf
ZDMR Coronel,Zona DMR CL — Coronel,Coronel,Simplex VHF · CA5EHC,-37.0296,-73.1408,,,VHF/DMR,145.750,145.750,,REGIÓN DEL BIOBÍO,,,,Zona DMR CL,1,,1,2,730 7300444 7305,https://zonadmr.cl/nodos/,,sur vhf simplex
ZDMR Osorno,Zona DMR CL — Osorno,Osorno,Simplex VHF · CD6UMX,-40.5729,-73.1144,,,VHF/DMR,145.450,145.450,,REGIÓN DE LOS LAGOS,,,,Zona DMR CL,1,,1,2,730 7300444,https://zonadmr.cl/nodos/,,los-lagos vhf simplex
ZDMR Punta Arenas,Zona DMR CL — Punta Arenas,Punta Arenas,Simplex VHF · CE8TDO,-53.1638,-70.9171,,,VHF/DMR,145.750,145.750,,REGIÓN DE MAGALLANES Y DE LA ANTÁRTICA CHILENA,,,,Zona DMR CL,1,,1,2,730 7300444,https://zonadmr.cl/nodos/,,patagonia vhf simplex
ZDMR Longavi,Zona DMR CL — Longavi,Longavi,Simplex VHF · CA4BRW,-35.9642,-71.6822,,,VHF/DMR,144.745,144.745,,REGIÓN DEL MAULE,,,,Zona DMR CL,1,,1,1 2,730 7300444,https://zonadmr.cl/nodos/,,centro vhf simplex
ZDMR Curicó,Zona DMR CL — Curicó,Curicó,VHF dúplex +600 kHz · CE4UJP,-34.9828,-71.2394,,,VHF/DMR,147.180,146.580,,REGIÓN DEL MAULE,,,,Zona DMR CL,1,,1,1 2,730 73004 730911 73099 7300444,https://zonadmr.cl/nodos/,,centro vhf
NAC EMRG 121.5,Nacional — EMRG (Emergencia / Guard — internacional H24),Chile,Nacional,-33.45,-70.65,,,VHF/AM (ATC),121.500,,,ATC — NACIONAL (Chile),,,,,,atc,,,,https://aipchile.dgac.gob.cl/,,aviones nacional vhf
NAC TIBA 118.2,Nacional — TIBA (Aeródromos sin control — nacional),Chile,Nacional,-33.45,-70.65,,,VHF/AM (ATC),118.200,,,ATC — NACIONAL (Chile),,,,,,atc,,,,https://aipchile.dgac.gob.cl/,,aviones nacional vhf
NAC AFIS 126.7,Nacional — AFIS (Zona Norte — info vuelo),Chile,Nacional,-33.45,-70.65,,,VHF/AM (ATC),126.700,,,ATC — NACIONAL (Chile),,,,,,atc,,,,https://aipchile.dgac.gob.cl/,,aviones nacional vhf
NAC AFIS 127.7,Nacional — AFIS (Zona Sur — info vuelo / TIBA fuera de horario),Chile,Nacional,-33.45,-70.65,,,VHF/AM (ATC),127.700,,,ATC — NACIONAL (Chile),,,,,,atc,,,,https://aipchile.dgac.gob.cl/,,aviones nacional vhf
NAC ACC 127,Nacional — ACC (Santiago ACC Red Norte (Lat 28°30'S – 33°23'S)),Chile,Nacional,-33.45,-70.65,,,VHF/AM (ATC),127.000,,,ATC — NACIONAL (Chile),,,,,,atc,,,,https://aipchile.dgac.gob.cl/,,aviones nacional vhf
NAC ACC 127.5,Nacional — ACC (Santiago ACC Red Sur (Lat 33°23'S – 38°30'S)),Chile,Nacional,-33.45,-70.65,,,VHF/AM (ATC),127.500,,,ATC — NACIONAL (Chile),,,,,,atc,,,,https://aipchile.dgac.gob.cl/,,aviones nacional vhf
NAC INFO 122.4,Nacional — INFO (Santiago Info — VFR Sector Angostura),Chile,Nacional,-33.45,-70.65,,,VHF/AM (ATC),122.400,,,ATC — NACIONAL (Chile),,,,,,atc,,,,https://aipchile.dgac.gob.cl/,,aviones nacional vhf
NAC ACC 126.3,Nacional — ACC (Santiago ACC — general ruta),Chile,Nacional,-33.45,-70.65,,,VHF/AM (ATC),126.300,,,ATC — NACIONAL (Chile),,,,,,atc,,,,https://aipchile.dgac.gob.cl/,,aviones nacional vhf
NAC ACC 128.7,Nacional — ACC (Iquique ACC Sector Norte),Chile,Nacional,-33.45,-70.65,,,VHF/AM (ATC),128.700,,,ATC — NACIONAL (Chile),,,,,,atc,,,,https://aipchile.dgac.gob.cl/,,aviones nacional vhf
NAC ACC 120.1,Nacional — ACC (Puerto Montt ACC),Chile,Nacional,-33.45,-70.65,,,VHF/AM (ATC),120.100,,,ATC — NACIONAL (Chile),,,,,,atc,,,,https://aipchile.dgac.gob.cl/,,aviones nacional vhf
NAC ACC 128.3,Nacional — ACC (Puerto Montt ACC (alternativo)),Chile,Nacional,-33.45,-70.65,,,VHF/AM (ATC),128.300,,,ATC — NACIONAL (Chile),,,,,,atc,,,,https://aipchile.dgac.gob.cl/,,aviones nacional vhf
NAC APP 123.1,Nacional — APP (Puerto Montt Radar (alternativo)),Chile,Nacional,-33.45,-70.65,,,VHF/AM (ATC),123.100,,,ATC — NACIONAL (Chile),,,,,,atc,,,,https://aipchile.dgac.gob.cl/,,aviones nacional vhf
SCAR TWR 118.5,Aeropuerto Chacalluta — TWR (Arica Torre),Arica,Aeropuerto Chacalluta,-18.3486,-70.3381,,,VHF/AM (ATC),118.500,,,REGIÓN DE ARICA Y PARINACOTA,,,,,,atc,,,,https://aipchile.dgac.gob.cl/,,aviones gran-norte vhf
SCAR GND 121.9,Aeropuerto Chacalluta — GND (Control Terrestre),Arica,Aeropuerto Chacalluta,-18.3486,-70.3381,,,VHF/AM (ATC),121.900,,,REGIÓN DE ARICA Y PARINACOTA,,,,,,atc,,,,https://aipchile.dgac.gob.cl/,,aviones gran-norte vhf
SCAR APP 119.9,Aeropuerto Chacalluta — APP (Arica Aproximación),Arica,Aeropuerto Chacalluta,-18.3486,-70.3381,,,VHF/AM (ATC),119.900,,,REGIÓN DE ARICA Y PARINACOTA,,,,,,atc,,,,https://aipchile.dgac.gob.cl/,,aviones gran-norte vhf
SCDA TWR 118.9,Aeropuerto Diego Aracena — TWR (Iquique Torre),Iquique,Aeropuerto Diego Aracena,-20.5352,-70.1813,,,VHF/AM (ATC),118.900,,,REGIÓN DE TARAPACÁ,,,,,,atc,,,,https://aipchile.dgac.gob.cl/,,aviones gran-norte vhf
SCDA GND 121.7,Aeropuerto Diego Aracena — GND (Control Terrestre),Iquique,Aeropuerto Diego Aracena,-20.5352,-70.1813,,,VHF/AM (ATC),121.700,,,REGIÓN DE TARAPACÁ,,,,,,atc,,,,https://aipchile.dgac.gob.cl/,,aviones gran-norte vhf
SCDA APP 120.3,Aeropuerto Diego Aracena — APP (Iquique Radar (Primario)),Iquique,Aeropuerto Diego Aracena,-20.5352,-70.1813,,,VHF/AM (ATC),120.300,,,REGIÓN DE TARAPACÁ,,,,,,atc,,,,https://aipchile.dgac.gob.cl/,,aviones gran-norte vhf
SCDA APP 128.3,Aeropuerto Diego Aracena — APP (Iquique Radar (Secundario)),Iquique,Aeropuerto Diego Aracena,-20.5352,-70.1813,,,VHF/AM (ATC),128.300,,,REGIÓN DE TARAPACÁ,,,,,,atc,,,,https://aipchile.dgac.gob.cl/,,aviones gran-norte vhf
SCFA TWR 118.1,Aeropuerto Andrés Sabella — TWR (Antofagasta Torre),Antofagasta,Aeropuerto Andrés Sabella,-23.4445,-70.4451,,,VHF/AM (ATC),118.100,,,REGIÓN DE ANTOFAGASTA,,,,,,atc,,,,https://aipchile.dgac.gob.cl/,,aviones gran-norte vhf
SCFA GND 121.9,Aeropuerto Andrés Sabella — GND (Control Terrestre),Antofagasta,Aeropuerto Andrés Sabella,-23.4445,-70.4451,,,VHF/AM (ATC),121.900,,,REGIÓN DE ANTOFAGASTA,,,,,,atc,,,,https://aipchile.dgac.gob.cl/,,aviones gran-norte vhf
SCAT TWR 118.3,Aeropuerto Desierto de Atacama — TWR (Atacama Torre),Copiapó,Aeropuerto Desierto de Atacama,-27.2612,-70.7794,,,VHF/AM (ATC),118.300,,,REGIÓN DE ATACAMA,,,,,,atc,,,,https://aipchile.dgac.gob.cl/,,aviones norte-chico vhf
SCAT APP 120.3,Aeropuerto Desierto de Atacama — APP (Aproximación vía Iquique Radar),Copiapó,Aeropuerto Desierto de Atacama,-27.2612,-70.7794,,,VHF/AM (ATC),120.300,,,REGIÓN DE ATACAMA,,,,,,atc,,,,https://aipchile.dgac.gob.cl/,,aviones norte-chico vhf
SCSE TWR 129.4,Aeropuerto La Florida — TWR (La Serena Torre),La Serena,Aeropuerto La Florida,-29.9162,-71.1995,,,VHF/AM (ATC),129.400,,,REGIÓN DE COQUIMBO,,,,,,atc,,,,https://aipchile.dgac.gob.cl/,,aviones norte-chico vhf
SCSE GND 121.9,Aeropuerto La Florida — GND (Control Terrestre (equipo emergencia — cobertura limitada)),La Serena,Aeropuerto La Florida,-29.9162,-71.1995,,,VHF/AM (ATC),121.900,,,REGIÓN DE COQUIMBO,,,,,,atc,,,,https://aipchile.dgac.gob.cl/,,aviones norte-chico vhf
SCIP TWR 118.1,Aeropuerto Mataveri — TWR (Pascua Torre),Isla de Pascua,Aeropuerto Mataveri,-27.1648,-109.4218,,,VHF/AM (ATC),118.100,,,REGIÓN DE VALPARAÍSO,,,,,,atc,,,,https://aipchile.dgac.gob.cl/,,aviones valparaiso vhf
SCIP GND 121.9,Aeropuerto Mataveri — GND (Control Terrestre),Isla de Pascua,Aeropuerto Mataveri,-27.1648,-109.4218,,,VHF/AM (ATC),121.900,,,REGIÓN DE VALPARAÍSO,,,,,,atc,,,,https://aipchile.dgac.gob.cl/,,aviones valparaiso vhf
SCIP EMRG 121.5,Aeropuerto Mataveri — EMRG (Emergencia),Isla de Pascua,Aeropuerto Mataveri,-27.1648,-109.4218,,,VHF/AM (ATC),121.500,,,REGIÓN DE VALPARAÍSO,,,,,,atc,,,,https://aipchile.dgac.gob.cl/,,aviones valparaiso vhf
SCIP APP 127.3,Aeropuerto Mataveri — APP (Pascua Aproximación (radio 120 NM)),Isla de Pascua,Aeropuerto Mataveri,-27.1648,-109.4218,,,VHF/AM (ATC),127.300,,,REGIÓN DE VALPARAÍSO,,,,,,atc,,,,https://aipchile.dgac.gob.cl/,,aviones valparaiso vhf
SCVM TWR 118.9,Base Aeronaval Torquemada — TWR (Torre Viña del Mar),Viña del Mar,Base Aeronaval Torquemada,-33.0658,-71.5564,,,VHF/AM (ATC),118.900,,,REGIÓN DE VALPARAÍSO,,,,,,atc,,,,https://aipchile.dgac.gob.cl/,,aviones valparaiso vhf
SCVM APP 129.3,Base Aeronaval Torquemada — APP (CDN Viña del Mar Aproximación),Viña del Mar,Base Aeronaval Torquemada,-33.0658,-71.5564,,,VHF/AM (ATC),129.300,,,REGIÓN DE VALPARAÍSO,,,,,,atc,,,,https://aipchile.dgac.gob.cl/,,aviones valparaiso vhf
SCEL TWR 118.1,Aeropuerto Arturo Merino Benítez — TWR (Santiago Torre (principal)),Santiago,Aeropuerto Arturo Merino Benítez,-33.3928,-70.7856,,,VHF/AM (ATC),118.100,,,REGIÓN METROPOLITANA DE SANTIAGO,,,,,,atc,,,,https://aipchile.dgac.gob.cl/,,aviones rm vhf
SCEL TWR 118.35,Aeropuerto Arturo Merino Benítez — TWR (Santiago Torre (alternativo)),Santiago,Aeropuerto Arturo Merino Benítez,-33.3928,-70.7856,,,VHF/AM (ATC),118.350,,,REGIÓN METROPOLITANA DE SANTIAGO,,,,,,atc,,,,https://aipchile.dgac.gob.cl/,,aviones rm vhf
SCEL GND 122.2,Aeropuerto Arturo Merino Benítez — GND (Control Terrestre Este),Santiago,Aeropuerto Arturo Merino Benítez,-33.3928,-70.7856,,,VHF/AM (ATC),122.200,,,REGIÓN METROPOLITANA DE SANTIAGO,,,,,,atc,,,,https://aipchile.dgac.gob.cl/,,aviones rm vhf
SCEL GND 122.5,Aeropuerto Arturo Merino Benítez — GND (Control Terrestre Oeste),Santiago,Aeropuerto Arturo Merino Benítez,-33.3928,-70.7856,,,VHF/AM (ATC),122.500,,,REGIÓN METROPOLITANA DE SANTIAGO,,,,,,atc,,,,https://aipchile.dgac.gob.cl/,,aviones rm vhf
SCEL GND 122.6,Aeropuerto Arturo Merino Benítez — GND (Control Terrestre (alternativo)),Santiago,Aeropuerto Arturo Merino Benítez,-33.3928,-70.7856,,,VHF/AM (ATC),122.600,,,REGIÓN METROPOLITANA DE SANTIAGO,,,,,,atc,,,,https://aipchile.dgac.gob.cl/,,aviones rm vhf
SCEL CLD 121.7,Aeropuerto Arturo Merino Benítez — CLD (Clearance Delivery),Santiago,Aeropuerto Arturo Merino Benítez,-33.3928,-70.7856,,,VHF/AM (ATC),121.700,,,REGIÓN METROPOLITANA DE SANTIAGO,,,,,,atc,,,,https://aipchile.dgac.gob.cl/,,aviones rm vhf
SCEL APP 119.7,Aeropuerto Arturo Merino Benítez — APP (Santiago Radar llegadas),Santiago,Aeropuerto Arturo Merino Benítez,-33.3928,-70.7856,,,VHF/AM (ATC),119.700,,,REGIÓN METROPOLITANA DE SANTIAGO,,,,,,atc,,,,https://aipchile.dgac.gob.cl/,,aviones rm vhf
SCEL APP 129.7,Aeropuerto Arturo Merino Benítez — APP (Santiago Radar salidas),Santiago,Aeropuerto Arturo Merino Benítez,-33.3928,-70.7856,,,VHF/AM (ATC),129.700,,,REGIÓN METROPOLITANA DE SANTIAGO,,,,,,atc,,,,https://aipchile.dgac.gob.cl/,,aviones rm vhf
SCEL ATIS 132.1,Aeropuerto Arturo Merino Benítez — ATIS (Info Terminal Llegadas (H24)),Santiago,Aeropuerto Arturo Merino Benítez,-33.3928,-70.7856,,,VHF/AM (ATC),132.100,,,REGIÓN METROPOLITANA DE SANTIAGO,,,,,,atc,,,,https://aipchile.dgac.gob.cl/,,aviones rm vhf
SCEL ATIS 132.7,Aeropuerto Arturo Merino Benítez — ATIS (Info Terminal Salidas (H24)),Santiago,Aeropuerto Arturo Merino Benítez,-33.3928,-70.7856,,,VHF/AM (ATC),132.700,,,REGIÓN METROPOLITANA DE SANTIAGO,,,,,,atc,,,,https://aipchile.dgac.gob.cl/,,aviones rm vhf
SCTB TWR 132.45,Aeródromo Eulogio Sánchez (Tobalaba) — TWR (Tobalaba Torre),Santiago,Aeródromo Eulogio Sánchez (Tobalaba),-33.4561,-70.5711,,,VHF/AM (ATC),132.450,,,REGIÓN METROPOLITANA DE SANTIAGO,,,,,,atc,,,,https://aipchile.dgac.gob.cl/,,aviones rm vhf
SCTB GND 118.7,Aeródromo Eulogio Sánchez (Tobalaba) — GND (Control Terrestre),Santiago,Aeródromo Eulogio Sánchez (Tobalaba),-33.4561,-70.5711,,,VHF/AM (ATC),118.700,,,REGIÓN METROPOLITANA DE SANTIAGO,,,,,,atc,,,,https://aipchile.dgac.gob.cl/,,aviones rm vhf
SCVT TIBA 133.1,Aeródromo Vitacura — TIBA (Irradiar posición e intenciones),Santiago,Aeródromo Vitacura,-33.3897,-70.5748,,,VHF/AM (ATC),133.100,,,REGIÓN METROPOLITANA DE SANTIAGO,,,,,,atc,,,,https://aipchile.dgac.gob.cl/,,aviones rm vhf
SCRG TWR 126.65,Aeródromo de la Independencia — TWR (Rancagua Torre),Rancagua,Aeródromo de la Independencia,-34.1733,-70.7758,,,VHF/AM (ATC),126.650,,,REGIÓN DEL LIBERTADOR GENERAL BERNARDO O'HIGGINS,,,,,,atc,,,,https://aipchile.dgac.gob.cl/,,aviones centro vhf
SCTL AFIS 127.7,Aeródromo Panguilemo — AFIS (AFIS Sur (info vuelo zona)),Talca,Aeródromo Panguilemo,-35.3778,-71.6009,,,VHF/AM (ATC),127.700,,,REGIÓN DEL MAULE,,,,,,atc,,,,https://aipchile.dgac.gob.cl/,,aviones centro vhf
SCIE TWR 118.6,Aeropuerto Carriel Sur — TWR (Concepción Torre),Concepción,Aeropuerto Carriel Sur,-36.7726,-73.0511,,,VHF/AM (ATC),118.600,,,REGIÓN DEL BIOBÍO,,,,,,atc,,,,https://aipchile.dgac.gob.cl/,,aviones sur vhf
SCIE GND 121.9,Aeropuerto Carriel Sur — GND (Control Terrestre),Concepción,Aeropuerto Carriel Sur,-36.7726,-73.0511,,,VHF/AM (ATC),121.900,,,REGIÓN DEL BIOBÍO,,,,,,atc,,,,https://aipchile.dgac.gob.cl/,,aviones sur vhf
SCIE APP 129.35,Aeropuerto Carriel Sur — APP (Concepción Aproximación),Concepción,Aeropuerto Carriel Sur,-36.7726,-73.0511,,,VHF/AM (ATC),129.350,,,REGIÓN DEL BIOBÍO,,,,,,atc,,,,https://aipchile.dgac.gob.cl/,,aviones sur vhf
SCCH AFIS 127.7,Aeródromo Bernardo O'Higgins — AFIS (AFIS Sur (info vuelo zona)),Chillán,Aeródromo Bernardo O'Higgins,-36.5825,-72.0306,,,VHF/AM (ATC),127.700,,,REGIÓN DEL BIOBÍO,,,,,,atc,,,,https://aipchile.dgac.gob.cl/,,aviones sur vhf
SCQP TWR 126.65,Aeropuerto La Araucanía — TWR (La Araucanía Torre),Temuco,Aeropuerto La Araucanía,-38.7669,-72.6371,,,VHF/AM (ATC),126.650,,,REGIÓN DE LA ARAUCANÍA,,,,,,atc,,,,https://aipchile.dgac.gob.cl/,,aviones sur vhf
SCQP APP 119.2,Aeropuerto La Araucanía — APP (Temuco Radar (primario)),Temuco,Aeropuerto La Araucanía,-38.7669,-72.6371,,,VHF/AM (ATC),119.200,,,REGIÓN DE LA ARAUCANÍA,,,,,,atc,,,,https://aipchile.dgac.gob.cl/,,aviones sur vhf
SCQP APP 128.7,Aeropuerto La Araucanía — APP (Temuco Radar (secundario)),Temuco,Aeropuerto La Araucanía,-38.7669,-72.6371,,,VHF/AM (ATC),128.700,,,REGIÓN DE LA ARAUCANÍA,,,,,,atc,,,,https://aipchile.dgac.gob.cl/,,aviones sur vhf
SCVD TWR 118.3,Aeródromo Pichoy — TWR (Valdivia Torre (cobertura limitada)),Valdivia,Aeródromo Pichoy,-39.6499,-73.0861,,,VHF/AM (ATC),118.300,,,REGIÓN DE LOS RÍOS,,,,,,atc,,,,https://aipchile.dgac.gob.cl/,,aviones los-rios vhf
SCVD APP 119.2,Aeródromo Pichoy — APP (Temuco Radar (alternativo)),Valdivia,Aeródromo Pichoy,-39.6499,-73.0861,,,VHF/AM (ATC),119.200,,,REGIÓN DE LOS RÍOS,,,,,,atc,,,,https://aipchile.dgac.gob.cl/,,aviones los-rios vhf
SCVD TIBA 127.7,Aeródromo Pichoy — TIBA (TIBA fuera de horario TWR),Valdivia,Aeródromo Pichoy,-39.6499,-73.0861,,,VHF/AM (ATC),127.700,,,REGIÓN DE LOS RÍOS,,,,,,atc,,,,https://aipchile.dgac.gob.cl/,,aviones los-rios vhf
SCTE TWR 118.4,Aeropuerto El Tepual — TWR (Chiloé Torre),Puerto Montt,Aeropuerto El Tepual,-41.4389,-73.0939,,,VHF/AM (ATC),118.400,,,REGIÓN DE LOS LAGOS,,,,,,atc,,,,https://aipchile.dgac.gob.cl/,,aviones los-lagos vhf
SCTE APP 121.3,Aeropuerto El Tepual — APP (Puerto Montt Radar),Puerto Montt,Aeropuerto El Tepual,-41.4389,-73.0939,,,VHF/AM (ATC),121.300,,,REGIÓN DE LOS LAGOS,,,,,,atc,,,,https://aipchile.dgac.gob.cl/,,aviones los-lagos vhf
SCTE ACC 120.1,Aeropuerto El Tepual — ACC (Puerto Montt ACC),Puerto Montt,Aeropuerto El Tepual,-41.4389,-73.0939,,,VHF/AM (ATC),120.100,,,REGIÓN DE LOS LAGOS,,,,,,atc,,,,https://aipchile.dgac.gob.cl/,,aviones los-lagos vhf
SCTE ACC 128.3,Aeropuerto El Tepual — ACC (Puerto Montt ACC (alternativo)),Puerto Montt,Aeropuerto El Tepual,-41.4389,-73.0939,,,VHF/AM (ATC),128.300,,,REGIÓN DE LOS LAGOS,,,,,,atc,,,,https://aipchile.dgac.gob.cl/,,aviones los-lagos vhf
SCTE APP 123.1,Aeropuerto El Tepual — APP (Puerto Montt Radar (alternativo)),Puerto Montt,Aeropuerto El Tepual,-41.4389,-73.0939,,,VHF/AM (ATC),123.100,,,REGIÓN DE LOS LAGOS,,,,,,atc,,,,https://aipchile.dgac.gob.cl/,,aviones los-lagos vhf
SCJO AFIS 127.7,Aeródromo Cañal Bajo — AFIS (AFIS Sur (info vuelo zona)),Osorno,Aeródromo Cañal Bajo,-40.7782,-73.0608,,,VHF/AM (ATC),127.700,,,REGIÓN DE LOS LAGOS,,,,,,atc,,,,https://aipchile.dgac.gob.cl/,,aviones los-lagos vhf
SCPQ TWR 118.4,Aeródromo Mocopulli — TWR (Chiloé Torre (compartida con SCTE)),Castro,Aeródromo Mocopulli,-42.3403,-73.7156,,,VHF/AM (ATC),118.400,,,REGIÓN DE LOS LAGOS,,,,,,atc,,,,https://aipchile.dgac.gob.cl/,,aviones los-lagos vhf
SCPQ TIBA 118.9,Aeródromo Mocopulli — TIBA (Irradiar posición en ATZ fuera de horario),Castro,Aeródromo Mocopulli,-42.3403,-73.7156,,,VHF/AM (ATC),118.900,,,REGIÓN DE LOS LAGOS,,,,,,atc,,,,https://aipchile.dgac.gob.cl/,,aviones los-lagos vhf
SCBA TIBA 118.9,Aeropuerto Balmaceda — TIBA (Irradiar posición en ATZ),Balmaceda,Aeropuerto Balmaceda,-45.9164,-71.6925,,,VHF/AM (ATC),118.900,,,REGIÓN DE AYSÉN DEL GENERAL CARLOS IBÁÑEZ DEL CAMPO,,,,,,atc,,,,https://aipchile.dgac.gob.cl/,,aviones patagonia vhf
SCBA AFIS 127.7,Aeropuerto Balmaceda — AFIS (AFIS Sur (info vuelo zona)),Balmaceda,Aeropuerto Balmaceda,-45.9164,-71.6925,,,VHF/AM (ATC),127.700,,,REGIÓN DE AYSÉN DEL GENERAL CARLOS IBÁÑEZ DEL CAMPO,,,,,,atc,,,,https://aipchile.dgac.gob.cl/,,aviones patagonia vhf
SCCI TWR 118.7,Aeropuerto Presidente Carlos Ibáñez del Campo — TWR (Punta Arenas Torre (H24)),Punta Arenas,Aeropuerto Presidente Carlos Ibáñez del Campo,-53.0026,-70.8546,,,VHF/AM (ATC),118.700,,,REGIÓN DE MAGALLANES Y DE LA ANTÁRTICA CHILENA,,,,,,atc,,,,https://aipchile.dgac.gob.cl/,,aviones patagonia vhf
SCCI GND 121.9,Aeropuerto Presidente Carlos Ibáñez del Campo — GND (Control Terrestre (H24)),Punta Arenas,Aeropuerto Presidente Carlos Ibáñez del Campo,-53.0026,-70.8546,,,VHF/AM (ATC),121.900,,,REGIÓN DE MAGALLANES Y DE LA ANTÁRTICA CHILENA,,,,,,atc,,,,https://aipchile.dgac.gob.cl/,,aviones patagonia vhf
SCCI APP 123.9,Aeropuerto Presidente Carlos Ibáñez del Campo — APP (Punta Arenas Centro (Primario)),Punta Arenas,Aeropuerto Presidente Carlos Ibáñez del Campo,-53.0026,-70.8546,,,VHF/AM (ATC),123.900,,,REGIÓN DE MAGALLANES Y DE LA ANTÁRTICA CHILENA,,,,,,atc,,,,https://aipchile.dgac.gob.cl/,,aviones patagonia vhf
SCCI APP 128.1,Aeropuerto Presidente Carlos Ibáñez del Campo — APP (Punta Arenas Centro (Secundario)),Punta Arenas,Aeropuerto Presidente Carlos Ibáñez del Campo,-53.0026,-70.8546,,,VHF/AM (ATC),128.100,,,REGIÓN DE MAGALLANES Y DE LA ANTÁRTICA CHILENA,,,,,,atc,,,,https://aipchile.dgac.gob.cl/,,aviones patagonia vhf
CE2RPE,Sistema Interconectado CE2RPE - RPT Norte,COQUIMBO,,-29.9902777778,-71.2652777778,,,VHF/FM,145.300,144.700,71.9,REGIÓN DE COQUIMBO,,,1,Sistema Interconectado CE2RPE,,,,,,https://www.qrz.com/db/CE2RPE,,norte-chico vhf
CE2RPE,Sistema Interconectado CE2RPE - RPT Panul,COQUIMBO,,-30.0277777778,-71.3602777778,,,VHF/FM,146.700,146.100,71.9,REGIÓN DE COQUIMBO,,,1,Sistema Interconectado CE2RPE,,,,,,https://www.qrz.com/db/CE2RPE,,norte-chico vhf
CE2CZJ,Sistema Interconectado CE2RPE - Nodo Coquimbo,COQUIMBO,,-29.9533,-71.3436,,,VHF/FM,145.100,145.100,,REGIÓN DE COQUIMBO,,,1,Sistema Interconectado CE2RPE,,,,,,https://www.qrz.com/db/CE2RPE,,norte-chico vhf simplex
CE2DRB,Sistema Interconectado CE2RPE - Nodo Vicuña,VICUÑA,,-30.0377777778,-70.7013888889,,,VHF/FM,145.050,145.050,71.9,REGIÓN DE COQUIMBO,,,1,Sistema Interconectado CE2RPE,,,,,,https://www.qrz.com/db/CE2RPE,,norte-chico vhf simplex
CE1CCX,Sistema Interconectado CE2RPE - Nodo Copiapó,COPIAPÓ,,-27.4065358333,-70.3999961111,,,VHF/FM,145.100,145.100,,REGIÓN DE ATACAMA,,,1,Sistema Interconectado CE2RPE,,,,,,https://www.qrz.com/db/CE2RPE,,norte-chico vhf simplex
CA1FOB,Sistema Interconectado CE2RPE - Nodo Vallenar,VALLENAR,,-28.5708333333,-70.7580555556,,,VHF/FM,145.100,145.100,,REGIÓN DE ATACAMA,,,1,Sistema Interconectado CE2RPE,,,,,,https://www.qrz.com/db/CE2RPE,,norte-chico vhf simplex
CA2ICV,Sistema Interconectado CE2RPE - Nodo Valparaíso,VALPARAÍSO,,-33.0458333333,-71.6197222222,,,VHF/FM,145.050,145.050,71.9,REGIÓN DE VALPARAÍSO,,,1,Sistema Interconectado CE2RPE,,,,,,https://www.qrz.com/db/CE2RPE,,valparaiso vhf simplex
CE2BIS,Sistema Interconectado CE2RPE - RPT Salamanca,SALAMANCA,,-31.7794444444,-70.9675000000,,,VHF/FM,147.240,147.840,,REGIÓN DE COQUIMBO,,,1,Sistema Interconectado CE2RPE,,,,,,https://www.qrz.com/db/CE2RPE,,norte-chico vhf
CA3MZU,Sistema Interconectado CE2RPE - Nodo Maipú,MAIPÚ,,-33.5111111111,-70.7663888889,,,VHF/FM,145.150,145.150,,REGIÓN METROPOLITANA DE SANTIAGO,,,1,Sistema Interconectado CE2RPE,,,,,,https://www.qrz.com/db/CE2RPE,,rm vhf simplex
CA2DKI,Sistema Interconectado CE2RPE - Nodo Las Condes 1,LAS CONDES,,-33.4130555556,-70.5172222222,,,VHF/FM,145.200,145.200,71.9,REGIÓN METROPOLITANA DE SANTIAGO,,,1,Sistema Interconectado CE2RPE,,,,,,https://www.qrz.com/db/CE2RPE,,rm vhf simplex
CE2WUI,Sistema Interconectado CE2RPE - Nodo Las Condes 2,LAS CONDES,,-33.4130555556,-70.5172222222,,,VHF/FM,145.100,145.100,,REGIÓN METROPOLITANA DE SANTIAGO,,,1,Sistema Interconectado CE2RPE,,,,,,https://www.qrz.com/db/CE2RPE,,rm vhf simplex
CE2SQV,Sistema Interconectado CE2RPE - Nodo Ovalle,OVALLE,,-30.5980555556,-71.1888888889,,,VHF/FM,145.100,145.100,,REGIÓN DE COQUIMBO,,,1,Sistema Interconectado CE2RPE,,,,,,https://www.qrz.com/db/CE2RPE,,norte-chico vhf simplex
CE3HOV,Sistema Interconectado CE2RPE - Nodo Colina,COLINA,,-33.0765027778,-70.6737,,,VHF/FM,145.050,145.050,,REGIÓN METROPOLITANA DE SANTIAGO,,,1,Sistema Interconectado CE2RPE,,,,,,https://www.qrz.com/db/CE2RPE,,rm vhf simplex
CE3HOV,Sistema Interconectado CE2RPE - Nodo Algarrobo,ALGARROBO,,-33.3541666667,-71.6680555556,,,VHF/FM,145.050,145.050,,REGIÓN DE VALPARAÍSO,,,1,Sistema Interconectado CE2RPE,,,,,,https://www.qrz.com/db/CE2RPE,,valparaiso vhf simplex
CD2FYS,Sistema Interconectado CE2RPE - Nodo Tongoy,COQUIMBO,,-30.2547222222,-71.3963888889,,,VHF/FM,145.200,145.200,,REGIÓN DE COQUIMBO,,,1,Sistema Interconectado CE2RPE,,,,,,https://www.qrz.com/db/CE2RPE,,norte-chico vhf simplex
CE2RZL,Sistema Interconectado CE2RPE - Nodo El Tabo,EL TABO,,-33.4572954,-71.6478833,,,VHF/FM,145.100,145.100,91.5,REGIÓN DE VALPARAÍSO,,,1,Sistema Interconectado CE2RPE,,,,,,https://www.qrz.com/db/CE2RPE,,valparaiso vhf simplex
CE1WWG,Sistema Interconectado CE2RPE - Nodo asociado Arica,ARICA,,-18.4786111111,-70.3108333333,,,VHF/FM,147.480,147.480,233.6,REGIÓN DE ARICA Y PARINACOTA,,,1,Sistema Interconectado CE2RPE,,,,,,https://www.qrz.com/db/CE2RPE,,gran-norte vhf simplex
CE1WWG,Sistema Interconectado CE2RPE - Nodo asociado Calama,CALAMA,,-22.4569444444,-68.9286111111,,,VHF/FM,147.480,147.480,233.6,REGIÓN DE ANTOFAGASTA,,,1,Sistema Interconectado CE2RPE,,,,,,https://www.qrz.com/db/CE2RPE,,gran-norte vhf simplex
CE3RZL,Sistema Interconectado CE2RPE - Nodo asociado Santiago,SANTIAGO,,-33.4377777778,-70.6505555556,,,VHF/FM,145.500,144.900,91.5,REGIÓN METROPOLITANA DE SANTIAGO,,,1,Sistema Interconectado CE2RPE,,,,,,https://www.qrz.com/db/CE2RPE,,rm vhf
CE1CPI RPT-BRAMADOR,RadioClub Copiapo RPT Cerro Bramador,COPIAPÓ,CERRO BRAMADOR,-27.4000000000,-70.3833333333,,,VHF/FM,146.700,146.100,71.9,REGIÓN DE ATACAMA,,,,,,,,,,https://www.qsl.net/ce1cpi/,Datos aportados por CE1VPG.,norte-chico vhf
CE1CPI LINK-CAPI,RadioClub Copiapo LINK Cerro Capi,COPIAPÓ,CERRO CAPI,-27.3500000000,-70.3500000000,,,UHF/FM,438.250,438.250,67,REGIÓN DE ATACAMA,,,,,,,,,,https://www.qsl.net/ce1cpi/,Datos aportados por CE1VPG.,norte-chico uhf
CE1CPI RPT-PASTEN,RadioClub Copiapo RPT Cerro Negro Pastén,CALDERA,CERRO NEGRO PASTÉN,-27.1666666667,-70.4333333333,,,VHF/FM,147.150,147.750,67,REGIÓN DE ATACAMA,,,,,,,,,,https://www.qsl.net/ce1cpi/,Datos aportados por CE1VPG.,norte-chico vhf
CE1CPI RPT-CHANARAL,RadioClub Copiapo RPT Cerro sector Chañaral,CHAÑARAL,CERRO EN SECTOR CHAÑARAL,-26.3333333333,-70.6333333333,,,VHF/FM,146.910,146.310,82.5,REGIÓN DE ATACAMA,,,,,,,,,,https://www.qsl.net/ce1cpi/,Datos aportados por CE1VPG.,norte-chico vhf
CE1CPI RPT-AMOLANAS,RadioClub Copiapo RPT Cerro Amolanas,TIERRA AMARILLA,CERRO AMOLANAS,-28.0833333333,-70.0500000000,,,VHF/FM,146.820,146.220,69.3,REGIÓN DE ATACAMA,,,,,,,,,,https://www.qsl.net/ce1cpi/,Datos aportados por CE1VPG.,norte-chico vhf
CE1CPI RPT-LASILLA,RadioClub Copiapo RPT Cerro La Silla,LA HIGUERA,CERRO LA SILLA (OBS. ESO),-29.2500000000,-70.7333333333,,,VHF/FM,146.820,146.220,74.4,REGIÓN DE COQUIMBO,,,,,,,,,,https://www.qsl.net/ce1cpi/,Datos aportados por CE1VPG.,norte-chico vhf
CE1CPI RPT-ELSLV,RadioClub Copiapo RPT Ciudad El Salvador,DIEGO DE ALMAGRO,CIUDAD EL SALVADOR / SECTOR,-26.2833333333,-69.6166666667,,,VHF/FM,147.330,147.930,88.5,REGIÓN DE ATACAMA,,,,,,,,,,https://www.qsl.net/ce1cpi/,Datos aportados por CE1VPG.,norte-chico vhf
CE1CPI RPT-PEDERNALES,RadioClub Copiapo RPT Salar de Pedernales,DIEGO DE ALMAGRO,SALAR DE PEDERNALES,-26.0000000000,-69.1666666667,,,VHF/FM,146.610,146.010,88.5,REGIÓN DE ATACAMA,,,,,,,,,,https://www.qsl.net/ce1cpi/,Datos aportados por CE1VPG.,norte-chico vhf
CE1UJO,RadioClub Copiapo LINK Vallenar CE1UJO,VALLENAR,CIUDAD VALLENAR,-28.5666666667,-70.7500000000,,,VHF/FM,144.100,144.100,,REGIÓN DE ATACAMA,,,,,,,,,,https://www.qrz.com/db/CE1UJO,Datos aportados por CE1VPG.,norte-chico vhf
CE3WPP RPT-A,CE3WPP — Cerro El Sombrero,MELIPILLA,CERRO EL SOMBRERO,-33.70309,-71.23242,,,VHF/FM,147.165,147.765,123.0,REGIÓN METROPOLITANA DE SANTIAGO,,,,,,,,,,,CTCSS salida 146.2 Hz; columna tono acceso subida 123.0 Hz.,rm vhf
Rueda de la Amistad,Rueda de la Amistad,,,,,,,HF,7.148,7.148,,GLOBAL,,,,,,,,,,,7.148 MHz LSB,hf simplex 40mt lsb
Red Chile Mar y Tierra (15 Metros),Red Chile Mar y Tierra (15 Metros),,,,,,,HF,21.315,21.315,,GLOBAL,,,,,,,,,,,21.315 MHz USB,hf 15mt usb
Red Chile Mar y Tierra (20 Metros),Red Chile Mar y Tierra (20 Metros),,,,,,,HF,14.255,14.255,,GLOBAL,,,,,,,,,,,14.255 MHz USB,hf 20mt usb
RECNA 40 mt,Red Chilena Nor Austral de Servicios (40 metros),,,,,,,HF,7.190,7.190,,GLOBAL,,,,,,,,,,,7.190 LSB,hf 40mt lsb
RECNA 80 mt,Red Chilena Nor Austral de Servicios (80 metros),,,,,,,HF,3.738,3.738,,GLOBAL,,,,,,,,,,,3.738 LSB,hf 80mt lsb
"Red de Emergencia Nacional ","Red de Emergencia Nacional ",,,,,,,HF,7.085,7.085,,GLOBAL,,,,,,,,,,,7.085 LSB,hf 40mt lsb
CB-01,Canal 1 Banda Ciudadana,,,,,,,HF,26.965,26.965,,GLOBAL,,,,,,,,,,,,cb 11mt banda-ciudadana
CB-02,Canal 2 Banda Ciudadana,,,,,,,HF,26.975,26.975,,GLOBAL,,,,,,,,,,,,cb 11mt banda-ciudadana
CB-03,Canal 3 Banda Ciudadana,,,,,,,HF,26.985,26.985,,GLOBAL,,,,,,,,,,,,cb 11mt banda-ciudadana
CB-04,Canal 4 Banda Ciudadana,,,,,,,HF,27.005,27.005,,GLOBAL,,,,,,,,,,,,cb 11mt banda-ciudadana
CB-05,Canal 5 Banda Ciudadana,,,,,,,HF,27.015,27.015,,GLOBAL,,,,,,,,,,,,cb 11mt banda-ciudadana
CB-06,Canal 6 Banda Ciudadana,,,,,,,HF,27.025,27.025,,GLOBAL,,,,,,,,,,,,cb 11mt banda-ciudadana
CB-07,Canal 7 Banda Ciudadana,,,,,,,HF,27.035,27.035,,GLOBAL,,,,,,,,,,,,cb 11mt banda-ciudadana
CB-08,Canal 8 Banda Ciudadana,,,,,,,HF,27.055,27.055,,GLOBAL,,,,,,,,,,,,cb 11mt banda-ciudadana
CB-09,Canal 9 Banda Ciudadana,,,,,,,HF,27.065,27.065,,GLOBAL,,,,,,,,,,,Canal oficial de emergencias,emergencias cb 11mt banda-ciudadana
CB-10,Canal 10 Banda Ciudadana,,,,,,,HF,27.075,27.075,,GLOBAL,,,,,,,,,,,,cb 11mt banda-ciudadana
CB-11,Canal 11 Banda Ciudadana,,,,,,,HF,27.085,27.085,,GLOBAL,,,,,,,,,,,,cb 11mt banda-ciudadana
CB-12,Canal 12 Banda Ciudadana,,,,,,,HF,27.105,27.105,,GLOBAL,,,,,,,,,,,,cb 11mt banda-ciudadana
CB-13,Canal 13 Banda Ciudadana,,,,,,,HF,27.115,27.115,,GLOBAL,,,,,,,,,,,,cb 11mt banda-ciudadana
CB-14,Canal 14 Banda Ciudadana,,,,,,,HF,27.125,27.125,,GLOBAL,,,,,,,,,,,Canal de llamada (Chile),llamada cb 11mt banda-ciudadana
CB-15,Canal 15 Banda Ciudadana,,,,,,,HF,27.135,27.135,,GLOBAL,,,,,,,,,,,,cb 11mt banda-ciudadana
CB-16,Canal 16 Banda Ciudadana,,,,,,,HF,27.155,27.155,,GLOBAL,,,,,,,,,,,,cb 11mt banda-ciudadana
CB-17,Canal 17 Banda Ciudadana,,,,,,,HF,27.165,27.165,,GLOBAL,,,,,,,,,,,,cb 11mt banda-ciudadana
CB-18,Canal 18 Banda Ciudadana,,,,,,,HF,27.175,27.175,,GLOBAL,,,,,,,,,,,,cb 11mt banda-ciudadana
CB-19,Canal 19 Banda Ciudadana,,,,,,,HF,27.185,27.185,,GLOBAL,,,,,,,,,,,Canal de camioneros y autopistas,camioneros autopistas cb 11mt banda-ciudadana
CB-20,Canal 20 Banda Ciudadana,,,,,,,HF,27.205,27.205,,GLOBAL,,,,,,,,,,,,cb 11mt banda-ciudadana
CB-21,Canal 21 Banda Ciudadana,,,,,,,HF,27.215,27.215,,GLOBAL,,,,,,,,,,,,cb 11mt banda-ciudadana
CB-22,Canal 22 Banda Ciudadana,,,,,,,HF,27.225,27.225,,GLOBAL,,,,,,,,,,,,cb 11mt banda-ciudadana
CB-23,Canal 23 Banda Ciudadana,,,,,,,HF,27.255,27.255,,GLOBAL,,,,,,,,,,,,cb 11mt banda-ciudadana
CB-24,Canal 24 Banda Ciudadana,,,,,,,HF,27.235,27.235,,GLOBAL,,,,,,,,,,,,cb 11mt banda-ciudadana
CB-25,Canal 25 Banda Ciudadana,,,,,,,HF,27.245,27.245,,GLOBAL,,,,,,,,,,,,cb 11mt banda-ciudadana
CB-26,Canal 26 Banda Ciudadana,,,,,,,HF,27.265,27.265,,GLOBAL,,,,,,,,,,,,cb 11mt banda-ciudadana
CB-27,Canal 27 Banda Ciudadana,,,,,,,HF,27.275,27.275,,GLOBAL,,,,,,,,,,,,cb 11mt banda-ciudadana
CB-28,Canal 28 Banda Ciudadana,,,,,,,HF,27.285,27.285,,GLOBAL,,,,,,,,,,,,cb 11mt banda-ciudadana
CB-29,Canal 29 Banda Ciudadana,,,,,,,HF,27.295,27.295,,GLOBAL,,,,,,,,,,,,cb 11mt banda-ciudadana
CB-30,Canal 30 Banda Ciudadana,,,,,,,HF,27.305,27.305,,GLOBAL,,,,,,,,,,,,cb 11mt banda-ciudadana camioneros
CB-31,Canal 31 Banda Ciudadana,,,,,,,HF,27.315,27.315,,GLOBAL,,,,,,,,,,,,cb 11mt banda-ciudadana
CB-32,Canal 32 Banda Ciudadana,,,,,,,HF,27.325,27.325,,GLOBAL,,,,,,,,,,,,cb 11mt banda-ciudadana
CB-33,Canal 33 Banda Ciudadana,,,,,,,HF,27.335,27.335,,GLOBAL,,,,,,,,,,,,cb 11mt banda-ciudadana
CB-34,Canal 34 Banda Ciudadana,,,,,,,HF,27.345,27.345,,GLOBAL,,,,,,,,,,,,cb 11mt banda-ciudadana
CB-35,Canal 35 Banda Ciudadana,,,,,,,HF,27.355,27.355,,GLOBAL,,,,,,,,,,,,cb 11mt banda-ciudadana
CB-36,Canal 36 Banda Ciudadana,,,,,,,HF,27.365,27.365,,GLOBAL,,,,,,,,,,,,cb 11mt banda-ciudadana
CB-37,Canal 37 Banda Ciudadana,,,,,,,HF,27.375,27.375,,GLOBAL,,,,,,,,,,,,cb 11mt banda-ciudadana
CB-38,Canal 38 Banda Ciudadana,,,,,,,HF,27.385,27.385,,GLOBAL,,,,,,,,,,,,cb 11mt banda-ciudadana
CB-39,Canal 39 Banda Ciudadana,,,,,,,HF,27.395,27.395,,GLOBAL,,,,,,,,,,,,cb 11mt banda-ciudadana
CB-40,Canal 40 Banda Ciudadana,,,,,,,HF,27.405,27.405,,GLOBAL,,,,,,,,,,,,cb 11mt banda-ciudadana
27.455 USB,Canal Encuentro Internacional Latino,,,,,,,HF,27.455,27.455,,GLOBAL,,,,,,,,,,,27.455 MHz USB,11mt banda-ciudadana encuentro
27.555 USB,Canal Encuentro Internacional,,,,,,,HF,27.555,27.555,,GLOBAL,,,,,,,,,,,27.555 MHz USB,11mt banda-ciudadana encuentro
27.625,Canal Encuentro Alemania y Países Nórdicos,,,,,,,HF,27.625,27.625,,GLOBAL,,,,,,,,,,,27.625 MHz,11mt banda-ciudadana encuentro
26.555 LSB,Canal de Encuentro Caribe/América Central,,,,,,,HF,26.555,26.555,,GLOBAL,,,,,,,,,,,26.555 MHz LSB,11mt banda-ciudadana encuentro caribe
28.575 USB,Frecuencia Encuentro Inglaterra,,,,,,,HF,28.575,28.575,,GLOBAL,,,,,,,,,,,28.575 MHz USB,10mt banda-ciudadana encuentro inglaterra
29.250 C4FM,Canal Encuentro Internacional C4FM,,,,,,,HF,29.250,29.250,,GLOBAL,,,,,,,,,,,29.250 MHz C4FM,10mt banda-ciudadana encuentro c4fm
7.100 LSB,Cadena Peruana de Socorro,,,,,,,HF,7.100,7.100,,GLOBAL,,,,,,,,,,,7.100 MHz LSB,40mt perú
FRS-01,Canal 1 FRS (convención Motorola),,,,,,,UHF/FM,462.5625,462.5625,,GLOBAL,,,,,,,,,,,462.5625 MHz FRS — radio familiar típica (ej. Motorola Talkabout),frs motorola 22ch
FRS-02,Canal 2 FRS (convención Motorola),,,,,,,UHF/FM,462.5875,462.5875,,GLOBAL,,,,,,,,,,,462.5875 MHz FRS — radio familiar típica (ej. Motorola Talkabout),frs motorola 22ch
FRS-03,Canal 3 FRS (convención Motorola),,,,,,,UHF/FM,462.6125,462.6125,,GLOBAL,,,,,,,,,,,462.6125 MHz FRS — radio familiar típica (ej. Motorola Talkabout),frs motorola 22ch
FRS-04,Canal 4 FRS (convención Motorola),,,,,,,UHF/FM,462.6375,462.6375,,GLOBAL,,,,,,,,,,,462.6375 MHz FRS — radio familiar típica (ej. Motorola Talkabout),frs motorola 22ch
FRS-05,Canal 5 FRS (convención Motorola),,,,,,,UHF/FM,462.6625,462.6625,,GLOBAL,,,,,,,,,,,462.6625 MHz FRS — radio familiar típica (ej. Motorola Talkabout),frs motorola 22ch
FRS-06,Canal 6 FRS (convención Motorola),,,,,,,UHF/FM,462.6875,462.6875,,GLOBAL,,,,,,,,,,,462.6875 MHz FRS — radio familiar típica (ej. Motorola Talkabout),frs motorola 22ch
FRS-07,Canal 7 FRS (convención Motorola),,,,,,,UHF/FM,462.7125,462.7125,,GLOBAL,,,,,,,,,,,462.7125 MHz FRS — radio familiar típica (ej. Motorola Talkabout),frs motorola 22ch
FRS-08,Canal 8 FRS (convención Motorola),,,,,,,UHF/FM,467.5625,467.5625,,GLOBAL,,,,,,,,,,,467.5625 MHz FRS — radio familiar típica (ej. Motorola Talkabout),frs motorola 22ch
FRS-09,Canal 9 FRS (convención Motorola),,,,,,,UHF/FM,467.5875,467.5875,,GLOBAL,,,,,,,,,,,467.5875 MHz FRS — radio familiar típica (ej. Motorola Talkabout),frs motorola 22ch
FRS-10,Canal 10 FRS (convención Motorola),,,,,,,UHF/FM,467.6125,467.6125,,GLOBAL,,,,,,,,,,,467.6125 MHz FRS — radio familiar típica (ej. Motorola Talkabout),frs motorola 22ch
FRS-11,Canal 11 FRS (convención Motorola),,,,,,,UHF/FM,467.6375,467.6375,,GLOBAL,,,,,,,,,,,467.6375 MHz FRS — radio familiar típica (ej. Motorola Talkabout),frs motorola 22ch
FRS-12,Canal 12 FRS (convención Motorola),,,,,,,UHF/FM,467.6625,467.6625,,GLOBAL,,,,,,,,,,,467.6625 MHz FRS — radio familiar típica (ej. Motorola Talkabout),frs motorola 22ch
FRS-13,Canal 13 FRS (convención Motorola),,,,,,,UHF/FM,467.6875,467.6875,,GLOBAL,,,,,,,,,,,467.6875 MHz FRS — radio familiar típica (ej. Motorola Talkabout),frs motorola 22ch
FRS-14,Canal 14 FRS (convención Motorola),,,,,,,UHF/FM,467.7125,467.7125,,GLOBAL,,,,,,,,,,,467.7125 MHz FRS — radio familiar típica (ej. Motorola Talkabout),frs motorola 22ch
FRS-15,Canal 15 FRS (convención Motorola),,,,,,,UHF/FM,462.5500,462.5500,,GLOBAL,,,,,,,,,,,462.5500 MHz FRS — radio familiar típica (ej. Motorola Talkabout),frs motorola 22ch
FRS-16,Canal 16 FRS (convención Motorola),,,,,,,UHF/FM,462.5750,462.5750,,GLOBAL,,,,,,,,,,,462.5750 MHz FRS — radio familiar típica (ej. Motorola Talkabout),frs motorola 22ch
FRS-17,Canal 17 FRS (convención Motorola),,,,,,,UHF/FM,462.6000,462.6000,,GLOBAL,,,,,,,,,,,462.6000 MHz FRS — radio familiar típica (ej. Motorola Talkabout),frs motorola 22ch
FRS-18,Canal 18 FRS (convención Motorola),,,,,,,UHF/FM,462.6250,462.6250,,GLOBAL,,,,,,,,,,,462.6250 MHz FRS — radio familiar típica (ej. Motorola Talkabout),frs motorola 22ch
FRS-19,Canal 19 FRS (convención Motorola),,,,,,,UHF/FM,462.6500,462.6500,,GLOBAL,,,,,,,,,,,462.6500 MHz FRS — radio familiar típica (ej. Motorola Talkabout),frs motorola 22ch
FRS-20,Canal 20 FRS (convención Motorola),,,,,,,UHF/FM,462.6750,462.6750,,GLOBAL,,,,,,,,,,,462.6750 MHz FRS — radio familiar típica (ej. Motorola Talkabout),frs motorola 22ch
FRS-21,Canal 21 FRS (convención Motorola),,,,,,,UHF/FM,462.7000,462.7000,,GLOBAL,,,,,,,,,,,462.7000 MHz FRS — radio familiar típica (ej. Motorola Talkabout),frs motorola 22ch
FRS-22,Canal 22 FRS (convención Motorola),,,,,,,UHF/FM,462.7250,462.7250,,GLOBAL,,,,,,,,,,,462.7250 MHz FRS — radio familiar típica (ej. Motorola Talkabout),frs motorola 22ch
PMR-01,Canal 1 PMR446,,,,,,,UHF/FM,446.00625,446.00625,,GLOBAL,,,,,,,,,,,446.00625 MHz PMR446 — uso comercial habitual (radios de negocio sin licencia),pmr pmr446 16ch
PMR-02,Canal 2 PMR446,,,,,,,UHF/FM,446.01875,446.01875,,GLOBAL,,,,,,,,,,,446.01875 MHz PMR446 — uso comercial habitual (radios de negocio sin licencia),pmr pmr446 16ch
PMR-03,Canal 3 PMR446,,,,,,,UHF/FM,446.03125,446.03125,,GLOBAL,,,,,,,,,,,446.03125 MHz PMR446 — uso comercial habitual (radios de negocio sin licencia),pmr pmr446 16ch
PMR-04,Canal 4 PMR446,,,,,,,UHF/FM,446.04375,446.04375,,GLOBAL,,,,,,,,,,,446.04375 MHz PMR446 — uso comercial habitual (radios de negocio sin licencia),pmr pmr446 16ch
PMR-05,Canal 5 PMR446,,,,,,,UHF/FM,446.05625,446.05625,,GLOBAL,,,,,,,,,,,446.05625 MHz PMR446 — uso comercial habitual (radios de negocio sin licencia),pmr pmr446 16ch
PMR-06,Canal 6 PMR446,,,,,,,UHF/FM,446.06875,446.06875,,GLOBAL,,,,,,,,,,,446.06875 MHz PMR446 — uso comercial habitual (radios de negocio sin licencia),pmr pmr446 16ch
PMR-07,Canal 7 PMR446,,,,,,,UHF/FM,446.08125,446.08125,,GLOBAL,,,,,,,,,,,446.08125 MHz PMR446 — uso comercial habitual (radios de negocio sin licencia),pmr pmr446 16ch
PMR-08,Canal 8 PMR446,,,,,,,UHF/FM,446.09375,446.09375,,GLOBAL,,,,,,,,,,,446.09375 MHz PMR446 — uso comercial habitual (radios de negocio sin licencia),pmr pmr446 16ch
PMR-09,Canal 9 PMR446,,,,,,,UHF/FM,446.10313,446.10313,,GLOBAL,,,,,,,,,,,446.10313 MHz PMR446 — uso comercial habitual (radios de negocio sin licencia),pmr pmr446 16ch
PMR-10,Canal 10 PMR446,,,,,,,UHF/FM,446.10938,446.10938,,GLOBAL,,,,,,,,,,,446.10938 MHz PMR446 — uso comercial habitual (radios de negocio sin licencia),pmr pmr446 16ch
PMR-11,Canal 11 PMR446,,,,,,,UHF/FM,446.11563,446.11563,,GLOBAL,,,,,,,,,,,446.11563 MHz PMR446 — uso comercial habitual (radios de negocio sin licencia),pmr pmr446 16ch
PMR-12,Canal 12 PMR446,,,,,,,UHF/FM,446.12188,446.12188,,GLOBAL,,,,,,,,,,,446.12188 MHz PMR446 — uso comercial habitual (radios de negocio sin licencia),pmr pmr446 16ch
PMR-13,Canal 13 PMR446,,,,,,,UHF/FM,446.12813,446.12813,,GLOBAL,,,,,,,,,,,446.12813 MHz PMR446 — uso comercial habitual (radios de negocio sin licencia),pmr pmr446 16ch
PMR-14,Canal 14 PMR446,,,,,,,UHF/FM,446.13438,446.13438,,GLOBAL,,,,,,,,,,,446.13438 MHz PMR446 — uso comercial habitual (radios de negocio sin licencia),pmr pmr446 16ch
PMR-15,Canal 15 PMR446,,,,,,,UHF/FM,446.14063,446.14063,,GLOBAL,,,,,,,,,,,446.14063 MHz PMR446 — uso comercial habitual (radios de negocio sin licencia),pmr pmr446 16ch
PMR-16,Canal 16 PMR446,,,,,,,UHF/FM,446.14688,446.14688,,GLOBAL,,,,,,,,,,,446.14688 MHz PMR446 — uso comercial habitual (radios de negocio sin licencia),pmr pmr446 16ch
BF888S-01,Canal 1 Baofeng BF-888S,,,,,,,UHF/FM,462.125,462.125,,GLOBAL,,,,,,,,,,,Baofeng BF-888S — canal de fábrica por defecto; puede variar según lote/región.,baofeng bf888s default 16ch
BF888S-02,Canal 2 Baofeng BF-888S,,,,,,,UHF/FM,462.225,462.225,,GLOBAL,,,,,,,,,,,Baofeng BF-888S — canal de fábrica por defecto; puede variar según lote/región.,baofeng bf888s default 16ch
BF888S-03,Canal 3 Baofeng BF-888S,,,,,,,UHF/FM,462.325,462.325,,GLOBAL,,,,,,,,,,,Baofeng BF-888S — canal de fábrica por defecto; puede variar según lote/región.,baofeng bf888s default 16ch
BF888S-04,Canal 4 Baofeng BF-888S,,,,,,,UHF/FM,462.425,462.425,,GLOBAL,,,,,,,,,,,Baofeng BF-888S — canal de fábrica por defecto; puede variar según lote/región.,baofeng bf888s default 16ch
BF888S-05,Canal 5 Baofeng BF-888S,,,,,,,UHF/FM,462.525,462.525,,GLOBAL,,,,,,,,,,,Baofeng BF-888S — canal de fábrica por defecto; puede variar según lote/región.,baofeng bf888s default 16ch
BF888S-06,Canal 6 Baofeng BF-888S,,,,,,,UHF/FM,462.625,462.625,,GLOBAL,,,,,,,,,,,Baofeng BF-888S — canal de fábrica por defecto; puede variar según lote/región.,baofeng bf888s default 16ch
BF888S-07,Canal 7 Baofeng BF-888S,,,,,,,UHF/FM,462.725,462.725,,GLOBAL,,,,,,,,,,,Baofeng BF-888S — canal de fábrica por defecto; puede variar según lote/región.,baofeng bf888s default 16ch
BF888S-08,Canal 8 Baofeng BF-888S,,,,,,,UHF/FM,462.825,462.825,,GLOBAL,,,,,,,,,,,Baofeng BF-888S — canal de fábrica por defecto; puede variar según lote/región.,baofeng bf888s default 16ch
BF888S-09,Canal 9 Baofeng BF-888S,,,,,,,UHF/FM,462.925,462.925,,GLOBAL,,,,,,,,,,,Baofeng BF-888S — canal de fábrica por defecto; puede variar según lote/región.,baofeng bf888s default 16ch
BF888S-10,Canal 10 Baofeng BF-888S,,,,,,,UHF/FM,463.025,463.025,,GLOBAL,,,,,,,,,,,Baofeng BF-888S — canal de fábrica por defecto; puede variar según lote/región.,baofeng bf888s default 16ch
BF888S-11,Canal 11 Baofeng BF-888S,,,,,,,UHF/FM,463.125,463.125,,GLOBAL,,,,,,,,,,,Baofeng BF-888S — canal de fábrica por defecto; puede variar según lote/región.,baofeng bf888s default 16ch
BF888S-12,Canal 12 Baofeng BF-888S,,,,,,,UHF/FM,463.225,463.225,,GLOBAL,,,,,,,,,,,Baofeng BF-888S — canal de fábrica por defecto; puede variar según lote/región.,baofeng bf888s default 16ch
BF888S-13,Canal 13 Baofeng BF-888S,,,,,,,UHF/FM,463.525,463.525,,GLOBAL,,,,,,,,,,,Baofeng BF-888S — canal de fábrica por defecto; puede variar según lote/región.,baofeng bf888s default 16ch
BF888S-14,Canal 14 Baofeng BF-888S,,,,,,,UHF/FM,450.225,450.225,,GLOBAL,,,,,,,,,,,Baofeng BF-888S — canal de fábrica por defecto; puede variar según lote/región.,baofeng bf888s default 16ch
BF888S-15,Canal 15 Baofeng BF-888S,,,,,,,UHF/FM,460.325,460.325,,GLOBAL,,,,,,,,,,,Baofeng BF-888S — canal de fábrica por defecto; puede variar según lote/región.,baofeng bf888s default 16ch
BF888S-16,Canal 16 Baofeng BF-888S,,,,,,,UHF/FM,469.950,469.950,,GLOBAL,,,,,,,,,,,Baofeng BF-888S — canal de fábrica por defecto; puede variar según lote/región.,baofeng bf888s default 16ch
CE5RMC RPT-A,RADIOCLUB MANQUIMAVIDA,CHIGUAYANTE,CERRO MANQUIMÁVIDA,-36.916499,-73.005663,,,VHF/FM,147.060,147.660,100,REGIÓN DEL BIOBÍO,,,1,,,,,,,,,sur vhf
CE7JLR-L,RCDR - Aysén,Puerto Aysén,,-45.4020998,-72.6983477,,,VHF/FM,146.460,146.460,,REGIÓN DE AYSÉN DEL GENERAL CARLOS IBÁÑEZ DEL CAMPO,,,1,RCDR,,,,,,https://www.rcdr.cl/,,sur vhf simplex
CE6VPX-L,RCDR - Paillaco,Paillaco,,-40.0719057,-72.8800317,,,VHF/FM,145.650,145.650,,REGIÓN DE LOS RÍOS,,,1,RCDR,,,,,,https://www.rcdr.cl/,,sur vhf simplex
CD5HXO-L,RCDR - Chicureo,Colina,Chicureo,-33.2864,-70.6494,,,VHF/FM,145.550,145.550,,REGIÓN METROPOLITANA DE SANTIAGO,,,1,RCDR,,,,,,https://www.rcdr.cl/,,rm vhf simplex
CA3MJJ-L,Red Echolink Zello - Conchalí,Conchalí,,-33.3897,-70.6672,,,VHF/FM,146.440,146.440,,REGIÓN METROPOLITANA DE SANTIAGO,,,1,Red Echolink Zello,,,,,,https://www.redecholinkzello.cl/,,rm vhf simplex
CE3ESO-L,Red Echolink Zello - Puente Alto,Puente Alto,,-33.6109,-70.5755,,,VHF/FM,146.245,146.245,,REGIÓN METROPOLITANA DE SANTIAGO,,,1,Red Echolink Zello,,,,,,https://www.redecholinkzello.cl/,,rm vhf simplex
CA3NEB-L,Red Echolink Zello - Las Condes,Las Condes,,-33.4166667,-70.5833333,,,UHF/FM,432.500,432.500,,REGIÓN METROPOLITANA DE SANTIAGO,,,1,Red Echolink Zello,,,,,,https://www.redecholinkzello.cl/,,rm uhf simplex
CD4PQW-L,Red Echolink Zello - Rancagua,Rancagua,,-34.1749722222,-70.7455361111,,,VHF/FM,145.530,145.530,,REGIÓN DEL LIBERTADOR GENERAL BERNARDO O'HIGGINS,,,1,Red Echolink Zello,,,,,,https://www.redecholinkzello.cl/,,centro vhf simplex
CE4NBE-L,Red Echolink Zello - Curicó,Curicó,,-34.9828,-71.2394,,,VHF/FM,146.500,146.500,,REGIÓN DEL MAULE,,,1,Red Echolink Zello,,,,,,https://www.redecholinkzello.cl/,,centro vhf simplex
CE4NBE-R,Red Echolink Zello - Curicó,Curicó,,-34.9828,-71.2394,,,UHF/FM,432.500,432.500,77.0,REGIÓN DEL MAULE,,,1,Red Echolink Zello,,,,,,https://www.redecholinkzello.cl/,,centro uhf

CE3AAA-HF,Red de Emergencia de Radioaficionados Defensa Civil de Chile,,,,,,,HF,7.095,7.095,,GLOBAL,,,,,,,,,,https://www.defensacivil.cl,7.095 MHz,emergencia hf simplex
CE3AAA-VHF,Red de Emergencia de Radioaficionados Defensa Civil de Chile,,,,,,,VHF/FM,147.320,147.320,,GLOBAL,,,,,,,,,,https://www.defensacivil.cl,147.320 MHz,emergencia vhf simplex
XQA-013,PRIMAVERA,ARICA,,-18.482500,-70.315833,,,FM,,93.5,,REGIÓN DE ARICA Y PARINACOTA,,,,,,broadcast,,,,,,
XQA-015,RADIO 97UNO,ARICA,,-18.485833,-70.317778,,,FM,,97.1,,REGIÓN DE ARICA Y PARINACOTA,,,,,,broadcast,,,,,,
XQA-016,CAPISSIMA,ARICA,,-18.483056,-70.316111,,,FM,,104.9,,REGIÓN DE ARICA Y PARINACOTA,,,,,,broadcast,,,,,,
XQA-019,ARMONIA,ARICA,,-18.483056,-70.316111,,,FM,,104.5,,REGIÓN DE ARICA Y PARINACOTA,,,,,,broadcast,,,,,,
XQA-045,UNIVERSIDAD DE TARAPACA,ARICA,,-18.484444,-70.292500,,,FM,,95.9,,REGIÓN DE ARICA Y PARINACOTA,,,,,,broadcast,,,,,,
XQA-047,PUERTA NORTE,ARICA,,-18.482222,-70.315833,,,FM,,92.1,,REGIÓN DE ARICA Y PARINACOTA,,,,,,broadcast,,,,,,
XQA-049,HIT 40,ARICA,,-18.485833,-70.321111,,,FM,,98.5,,REGIÓN DE ARICA Y PARINACOTA,,,,,,broadcast,,,,,,
XQA-053,TROPICAL,ARICA,,-18.487222,-70.326389,,,FM,,94.9,,REGIÓN DE ARICA Y PARINACOTA,,,,,,broadcast,,,,,,
XQA-054,HORIZONTE,ARICA,,-18.482500,-70.315833,,,FM,,103.7,,REGIÓN DE ARICA Y PARINACOTA,,,,,,broadcast,,,,,,
XQA-076,CAROLINA,ARICA,,-18.482500,-70.315833,,,FM,,90.3,,REGIÓN DE ARICA Y PARINACOTA,,,,,,broadcast,,,,,,
XQA-082,FM MAS,ARICA,,-18.482500,-70.315833,,,FM,,89.1,,REGIÓN DE ARICA Y PARINACOTA,,,,,,broadcast,,,,,,
XQA-087,IMAGINA,ARICA,,-18.489167,-70.322500,,,FM,,97.7,,REGIÓN DE ARICA Y PARINACOTA,,,,,,broadcast,,,,,,
XQA-104,PROCLAMACION,ARICA,,-18.483056,-70.316111,,,FM,,96.5,,REGIÓN DE ARICA Y PARINACOTA,,,,,,broadcast,,,,,,
XQA-118,DISNEY,ARICA,,-18.482500,-70.316111,,,FM,,94.1,,REGIÓN DE ARICA Y PARINACOTA,,,,,,broadcast,,,,,,
XQA-142,ACTIVA,ARICA,,-18.483056,-70.316111,,,FM,,89.7,,REGIÓN DE ARICA Y PARINACOTA,,,,,,broadcast,,,,,,
XQA-153,PARA TI,ARICA,,-18.488889,-70.319444,,,FM,,101.3,,REGIÓN DE ARICA Y PARINACOTA,,,,,,broadcast,,,,,,
XQA-176,COOPERATIVA,ARICA,,-18.482500,-70.315833,,,FM,,103.1,,REGIÓN DE ARICA Y PARINACOTA,,,,,,broadcast,,,,,,
XQA-208,FM DOS,ARICA,,-18.489444,-70.322778,,,FM,,100.7,,REGIÓN DE ARICA Y PARINACOTA,,,,,,broadcast,,,,,,
XQA-210,PUDAHUEL,ARICA,,-18.489444,-70.322778,,,FM,,91.5,,REGIÓN DE ARICA Y PARINACOTA,,,,,,broadcast,,,,,,
XQA-231,ROCK & POP,ARICA,,-18.489167,-70.322500,,,FM,,102.5,,REGIÓN DE ARICA Y PARINACOTA,,,,,,broadcast,,,,,,
XQA-256,NEURA,ARICA,,-18.458611,-70.292500,,,FM,,88.5,,REGIÓN DE ARICA Y PARINACOTA,,,,,,broadcast,,,,,,
XQA-257,ARIQUEÑA,ARICA,,-18.488889,-70.319444,,,FM,,106.3,,REGIÓN DE ARICA Y PARINACOTA,,,,,,broadcast,,,,,,
XQA-266,UNIVERSIDAD ADVENTISTA,ARICA,,-18.488611,-70.319167,,,FM,,101.9,,REGIÓN DE ARICA Y PARINACOTA,,,,,,broadcast,,,,,,
XQA-276,ESTACION 106,ARICA,,-18.482222,-70.318056,,,FM,,105.7,,REGIÓN DE ARICA Y PARINACOTA,,,,,,broadcast,,,,,,
XQA-358,ADN RADIO,ARICA,,-18.489167,-70.322500,,,FM,,95.3,,REGIÓN DE ARICA Y PARINACOTA,,,,,,broadcast,,,,,,
XQA-418,CONCIERTO,ARICA,,-18.483056,-70.316111,,,FM,,88.1,,REGIÓN DE ARICA Y PARINACOTA,,,,,,broadcast,,,,,,
XQA-425,PUKARA,ARICA,,-18.486111,-70.317778,,,FM,,98.1,,REGIÓN DE ARICA Y PARINACOTA,,,,,,broadcast,,,,,,
XQA-427,DIGITAL FM,ARICA,,-18.482500,-70.315833,,,FM,,104.1,,REGIÓN DE ARICA Y PARINACOTA,,,,,,broadcast,,,,,,
XQA-451,MONTECARLO,ARICA,,-18.483056,-70.316111,,,FM,,94.5,,REGIÓN DE ARICA Y PARINACOTA,,,,,,broadcast,,,,,,
XQA-485,PRESENCIA,ARICA,,-18.486389,-70.317500,,,FM,,98.9,,REGIÓN DE ARICA Y PARINACOTA,,,,,,broadcast,,,,,,
XQA-518,MONTECARMELO,ARICA,,-18.490000,-70.323056,,,FM,,93.1,,REGIÓN DE ARICA Y PARINACOTA,,,,,,broadcast,,,,,,
XQA-588,RADIO ESTACION,ARICA,,-18.486667,-70.318056,,,FM,,90.9,,REGIÓN DE ARICA Y PARINACOTA,,,,,,broadcast,,,,,,
XQD-251,ANDINA,ARICA,,-18.475556,-70.296667,,,FM,,100.1,,REGIÓN DE ARICA Y PARINACOTA,,,,,,broadcast,,,,,,
XQA-450,CORDILLERA,PUTRE,,-18.209722,-69.568611,,,FM,,96.3,,REGIÓN DE ARICA Y PARINACOTA,,,,,,broadcast,,,,,,
XQA-283,FM 95.5 VISVIRI,GENERAL LAGOS,,-17.592222,-69.474167,,,FM,,95.5,,REGIÓN DE ARICA Y PARINACOTA,,,,,,broadcast,,,,,,
XQA-102,CARIBE,IQUIQUE,,-20.348056,-70.106667,,,FM,,104.9,,REGIÓN DE TARAPACÁ,,,,,,broadcast,,,,,,
XQA-269,IMAGINA,IQUIQUE,,-20.348056,-70.106667,,,FM,,105.3,,REGIÓN DE TARAPACÁ,,,,,,broadcast,,,,,,
XQA-381,ACTIVA,IQUIQUE,,-20.348056,-70.106667,,,FM,,90.7,,REGIÓN DE TARAPACÁ,,,,,,broadcast,,,,,,
XQA-448,POSITIVA,IQUIQUE,,-20.350556,-70.109444,,,FM,,102.7,,REGIÓN DE TARAPACÁ,,,,,,broadcast,,,,,,
XQA-454,UNIVERSIDAD ADVENTISTA,IQUIQUE,,-20.347500,-70.105833,,,FM,,94.3,,REGIÓN DE TARAPACÁ,,,,,,broadcast,,,,,,
XQA-293,PABELLON DEL INCA,PICA,,-20.902222,-68.606389,,,FM,,106.3,,REGIÓN DE TARAPACÁ,,,,,,broadcast,,,,,,
XQA-442,CERRO CASCASCA,PICA,,-20.958889,-68.668611,,,FM,,103.3,,REGIÓN DE TARAPACÁ,,,,,,broadcast,,,,,,
XQA-730,UNITA,HUARA,,-20.036944,-69.775556,,,FM,,93.1,,REGIÓN DE TARAPACÁ,,,,,,broadcast,,,,,,
CA-072,CORPORACION,IQUIQUE,,-20.247222,-70.100000,,,AM,,720,,REGIÓN DE TARAPACÁ,,,,,,broadcast,,,,,,
CA-140,ALTISSIMA,IQUIQUE,,-20.230556,-70.125278,,,AM,,1400,,REGIÓN DE TARAPACÁ,,,,,,broadcast,,,,,,
XQA-009,UNIVERSO,IQUIQUE,,-20.348056,-70.106389,,,FM,,92.7,,REGIÓN DE TARAPACÁ,,,,,,broadcast,,,,,,
XQA-012,CORAZON,IQUIQUE,,-20.348056,-70.106667,,,FM,,94.7,,REGIÓN DE TARAPACÁ,,,,,,broadcast,,,,,,
XQA-017,ROMANTICA,IQUIQUE,,-20.347222,-70.108611,,,FM,,97.7,,REGIÓN DE TARAPACÁ,,,,,,broadcast,,,,,,
XQA-030,PAULINA,IQUIQUE,,-20.348056,-70.106667,,,FM,,89.3,,REGIÓN DE TARAPACÁ,,,,,,broadcast,,,,,,
XQA-033,PALABRA DE VIDA,IQUIQUE,,-20.362500,-70.104444,,,FM,,95.7,,REGIÓN DE TARAPACÁ,,,,,,broadcast,,,,,,
XQA-055,SUPER,IQUIQUE,,-20.350556,-70.109444,,,FM,,91.9,,REGIÓN DE TARAPACÁ,,,,,,broadcast,,,,,,
XQA-071,MONTECARLO,IQUIQUE,,-20.347222,-70.105556,,,FM,,90.3,,REGIÓN DE TARAPACÁ,,,,,,broadcast,,,,,,
XQA-081,BRAVISSIMA,IQUIQUE,,-20.350833,-70.109722,,,FM,,88.7,,REGIÓN DE TARAPACÁ,,,,,,broadcast,,,,,,
XQA-088,FM DOS,IQUIQUE,,-20.347222,-70.106944,,,FM,,101.3,,REGIÓN DE TARAPACÁ,,,,,,broadcast,,,,,,
XQA-091,EL CONQUISTADOR,IQUIQUE,,-20.334722,-70.118611,,,FM,,100.5,,REGIÓN DE TARAPACÁ,,,,,,broadcast,,,,,,
XQA-096,ACIERTO,IQUIQUE,,-20.348056,-70.106667,,,FM,,106.7,,REGIÓN DE TARAPACÁ,,,,,,broadcast,,,,,,
XQA-099,PUDAHUEL,IQUIQUE,,-20.347222,-70.106944,,,FM,,103.7,,REGIÓN DE TARAPACÁ,,,,,,broadcast,,,,,,
XQA-105,SAN LORENZO,IQUIQUE,,-20.351944,-70.109167,,,FM,,106.1,,REGIÓN DE TARAPACÁ,,,,,,broadcast,,,,,,
XQA-110,"MUNICIPAL 93,3",IQUIQUE,,-20.345833,-70.107778,,,FM,,93.3,,REGIÓN DE TARAPACÁ,,,,,,broadcast,,,,,,
XQA-149,ADN RADIO,IQUIQUE,,-20.345278,-70.111667,,,FM,,103.1,,REGIÓN DE TARAPACÁ,,,,,,broadcast,,,,,,
XQA-154,COOPERATIVA,IQUIQUE,,-20.362500,-70.104444,,,FM,,104.3,,REGIÓN DE TARAPACÁ,,,,,,broadcast,,,,,,
XQA-165,DIGITAL FM,IQUIQUE,,-20.347222,-70.105556,,,FM,,99.1,,REGIÓN DE TARAPACÁ,,,,,,broadcast,,,,,,
XQA-203,CONCIERTO,IQUIQUE,,-20.347222,-70.106944,,,FM,,96.3,,REGIÓN DE TARAPACÁ,,,,,,broadcast,,,,,,
XQA-204,HORIZONTE,IQUIQUE,,-20.347222,-70.105556,,,FM,,88.1,,REGIÓN DE TARAPACÁ,,,,,,broadcast,,,,,,
XQA-211,DISNEY,IQUIQUE,,-20.347222,-70.105556,,,FM,,98.3,,REGIÓN DE TARAPACÁ,,,,,,broadcast,,,,,,
XQA-267,PARA TI,IQUIQUE,,-20.347222,-70.105556,,,FM,,101.9,,REGIÓN DE TARAPACÁ,,,,,,broadcast,,,,,,
XQA-271,NEURA,IQUIQUE,,-20.347222,-70.106111,,,FM,,102.3,,REGIÓN DE TARAPACÁ,,,,,,broadcast,,,,,,
XQA-279,HIT 40,IQUIQUE,,-20.351667,-70.108333,,,FM,,89.7,,REGIÓN DE TARAPACÁ,,,,,,broadcast,,,,,,
XQA-366,ROCK & POP,IQUIQUE,,-20.347222,-70.106944,,,FM,,93.9,,REGIÓN DE TARAPACÁ,,,,,,broadcast,,,,,,
XQA-378,FUTURO,IQUIQUE,,-20.346389,-70.116667,,,FM,,105.7,,REGIÓN DE TARAPACÁ,,,,,,broadcast,,,,,,
XQA-412,ESTILO,IQUIQUE,,-20.347500,-70.106944,,,FM,,100.1,,REGIÓN DE TARAPACÁ,,,,,,broadcast,,,,,,
XQA-546,ARMONIA,IQUIQUE,,-20.348056,-70.106667,,,FM,,99.7,,REGIÓN DE TARAPACÁ,,,,,,broadcast,,,,,,
XQA-680,AZUCAR,IQUIQUE,,-20.351389,-70.108611,,,FM,,97.3,,REGIÓN DE TARAPACÁ,,,,,,broadcast,,,,,,
XQA-458,RADIO LATORRE,IQUIQUE,,-20.362500,-70.104444,,,FM,,100.9,,REGIÓN DE TARAPACÁ,,,,,,broadcast,,,,,,
XQA-681,ALMONTINA,POZO ALMONTE,,-20.325000,-69.775278,,,FM,,98.7,,REGIÓN DE TARAPACÁ,,,,,,broadcast,,,,,,
XQA-491,POSITIVA,PICA,,-20.476667,-69.303056,,,FM,,101.7,,REGIÓN DE TARAPACÁ,,,,,,broadcast,,,,,,
XQA-068,VOLTAJE 95.1,POZO ALMONTE,,-20.321389,-69.773056,,,FM,,95.1,,REGIÓN DE TARAPACÁ,,,,,,broadcast,,,,,,
CA-110,LA PORTADA,ANTOFAGASTA,,-23.495556,-70.426111,,,AM,,1100,,REGIÓN DE ANTOFAGASTA,,,,,,broadcast,,,,,,
XQA-021,DESIERTO,ANTOFAGASTA,,-23.580000,-70.332222,,,FM,,92.1,,REGIÓN DE ANTOFAGASTA,,,,,,broadcast,,,,,,
XQA-029,SOL,ANTOFAGASTA,,-23.568056,-70.329167,,,FM,,97.7,,REGIÓN DE ANTOFAGASTA,,,,,,broadcast,,,,,,
XQA-048,PAUTA,ANTOFAGASTA,,-23.576944,-70.332500,,,FM,,99.1,,REGIÓN DE ANTOFAGASTA,,,,,,broadcast,,,,,,
XQA-079,ACTUAL FM,ANTOFAGASTA,,-23.579444,-70.332222,,,FM,,95.1,,REGIÓN DE ANTOFAGASTA,,,,,,broadcast,,,,,,
XQA-089,UNIVERSIDAD DE ANTOFAGASTA,ANTOFAGASTA,,-23.663889,-70.404167,,,FM,,99.9,,REGIÓN DE ANTOFAGASTA,,,,,,broadcast,,,,,,
XQA-092,PUDAHUEL,ANTOFAGASTA,,-23.586111,-70.330000,,,FM,,95.9,,REGIÓN DE ANTOFAGASTA,,,,,,broadcast,,,,,,
XQA-108,CENTRO,ANTOFAGASTA,,-23.580000,-70.332222,,,FM,,103.3,,REGIÓN DE ANTOFAGASTA,,,,,,broadcast,,,,,,
XQA-109,ATLANTA,ANTOFAGASTA,,-23.577500,-70.334444,,,FM,,103.9,,REGIÓN DE ANTOFAGASTA,,,,,,broadcast,,,,,,
XQA-114,EL CONQUISTADOR,ANTOFAGASTA,,-23.577500,-70.333333,,,FM,,101.3,,REGIÓN DE ANTOFAGASTA,,,,,,broadcast,,,,,,
XQA-130,FUTURO,ANTOFAGASTA,,-23.596667,-70.314722,,,FM,,94.5,,REGIÓN DE ANTOFAGASTA,,,,,,broadcast,,,,,,
XQA-131,ACTIVA,ANTOFAGASTA,,-23.579444,-70.335000,,,FM,,100.5,,REGIÓN DE ANTOFAGASTA,,,,,,broadcast,,,,,,
XQA-133,ARMONIA,ANTOFAGASTA,,-23.576667,-70.333056,,,FM,,92.9,,REGIÓN DE ANTOFAGASTA,,,,,,broadcast,,,,,,
XQA-138,PLAY,ANTOFAGASTA,,-23.578889,-70.334444,,,FM,,105.7,,REGIÓN DE ANTOFAGASTA,,,,,,broadcast,,,,,,
XQA-151,FM DOS,ANTOFAGASTA,,-23.596667,-70.314722,,,FM,,98.5,,REGIÓN DE ANTOFAGASTA,,,,,,broadcast,,,,,,
XQA-157,DIGITAL FM,ANTOFAGASTA,,-23.581389,-70.313056,,,FM,,97.1,,REGIÓN DE ANTOFAGASTA,,,,,,broadcast,,,,,,
XQA-173,CARNAVAL,ANTOFAGASTA,,-23.579444,-70.332222,,,FM,,96.5,,REGIÓN DE ANTOFAGASTA,,,,,,broadcast,,,,,,
XQA-235,FM PLUS,ANTOFAGASTA,,-23.584722,-70.316111,,,FM,,106.7,,REGIÓN DE ANTOFAGASTA,,,,,,broadcast,,,,,,
XQA-259,CAROLINA,ANTOFAGASTA,,-23.576944,-70.334167,,,FM,,101.9,,REGIÓN DE ANTOFAGASTA,,,,,,broadcast,,,,,,
XQA-265,ADN RADIO,ANTOFAGASTA,,-23.579444,-70.335000,,,FM,,88.9,,REGIÓN DE ANTOFAGASTA,,,,,,broadcast,,,,,,
XQA-273,CANAL 95,ANTOFAGASTA,,-23.577500,-70.334444,,,FM,,88.1,,REGIÓN DE ANTOFAGASTA,,,,,,broadcast,,,,,,
XQA-296,IMAGINA,ANTOFAGASTA,,-23.586111,-70.330000,,,FM,,105.1,,REGIÓN DE ANTOFAGASTA,,,,,,broadcast,,,,,,
XQA-307,CONCIERTO,ANTOFAGASTA,,-23.586111,-70.330000,,,FM,,90.7,,REGIÓN DE ANTOFAGASTA,,,,,,broadcast,,,,,,
XQA-365,INICIA RADIO,ANTOFAGASTA,,-23.596667,-70.314722,,,FM,,106.3,,REGIÓN DE ANTOFAGASTA,,,,,,broadcast,,,,,,
XQA-420,ESTILO,ANTOFAGASTA,,-23.581667,-70.313889,,,FM,,93.9,,REGIÓN DE ANTOFAGASTA,,,,,,broadcast,,,,,,
XQA-433,ROMINA,ANTOFAGASTA,,-23.579444,-70.332222,,,FM,,92.5,,REGIÓN DE ANTOFAGASTA,,,,,,broadcast,,,,,,
XQA-452,COOPERATIVA,ANTOFAGASTA,,-23.581667,-70.313889,,,FM,,91.1,,REGIÓN DE ANTOFAGASTA,,,,,,broadcast,,,,,,
XQA-497,POSITIVA,ANTOFAGASTA,,-23.581667,-70.313889,,,FM,,99.5,,REGIÓN DE ANTOFAGASTA,,,,,,broadcast,,,,,,
XQA-455,NUEVO MUNDO,ANTOFAGASTA,,-23.581667,-70.313889,,,FM,,104.7,,REGIÓN DE ANTOFAGASTA,,,,,,broadcast,,,,,,
XQA-460,CORDILLERA,ANTOFAGASTA,,-23.579444,-70.332222,,,FM,,89.7,,REGIÓN DE ANTOFAGASTA,,,,,,broadcast,,,,,,
CA-124,PRINCIPAL CHUQUICAMATA,CALAMA,,-22.460833,-68.931944,,,AM,,1240,,REGIÓN DE ANTOFAGASTA,,,,,,broadcast,,,,,,
XQA-011,NUEVA CARILLON,CALAMA,,-22.332500,-68.989444,,,FM,,94.1,,REGIÓN DE ANTOFAGASTA,,,,,,broadcast,,,,,,
XQA-024,SENSACION EL ABRA,CALAMA,,-22.458889,-68.930000,,,FM,,99.7,,REGIÓN DE ANTOFAGASTA,,,,,,broadcast,,,,,,
XQA-046,MUNDO STEREO,CALAMA,,-22.456111,-68.918611,,,FM,,103.1,,REGIÓN DE ANTOFAGASTA,,,,,,broadcast,,,,,,
XQA-061,EL SONIDO DE LA VIDA,CALAMA,,-22.332778,-68.989722,,,FM,,93.1,,REGIÓN DE ANTOFAGASTA,,,,,,broadcast,,,,,,
XQA-080,INTEGRAL,CALAMA,,-22.454167,-68.955556,,,FM,,96.1,,REGIÓN DE ANTOFAGASTA,,,,,,broadcast,,,,,,
XQA-094,SALAR,CALAMA,,-22.446667,-68.926111,,,FM,,104.1,,REGIÓN DE ANTOFAGASTA,,,,,,broadcast,,,,,,
XQA-097,DIAMANTE,CALAMA,,-22.332778,-68.989722,,,FM,,94.7,,REGIÓN DE ANTOFAGASTA,,,,,,broadcast,,,,,,
XQA-139,ARMONIA,CALAMA,,-22.332778,-68.989722,,,FM,,99.1,,REGIÓN DE ANTOFAGASTA,,,,,,broadcast,,,,,,
XQA-144,BELLISSIMA,CALAMA,,-22.433333,-68.916667,,,FM,,92.1,,REGIÓN DE ANTOFAGASTA,,,,,,broadcast,,,,,,
XQA-145,COOPERATIVA,CALAMA,,-22.328889,-68.988611,,,FM,,102.5,,REGIÓN DE ANTOFAGASTA,,,,,,broadcast,,,,,,
XQA-158,IMPACTO,CALAMA,,-22.456389,-68.927778,,,FM,,101.1,,REGIÓN DE ANTOFAGASTA,,,,,,broadcast,,,,,,
XQA-161,CARNAVAL,CALAMA,,-22.459167,-68.928611,,,FM,,101.7,,REGIÓN DE ANTOFAGASTA,,,,,,broadcast,,,,,,
XQA-180,MISTRAL,CALAMA,,-22.429722,-68.931944,,,FM,,97.9,,REGIÓN DE ANTOFAGASTA,,,,,,broadcast,,,,,,
XQA-212,PUDAHUEL,CALAMA,,-22.331944,-68.993056,,,FM,,95.3,,REGIÓN DE ANTOFAGASTA,,,,,,broadcast,,,,,,
XQA-213,AVENTURA,CALAMA,,-22.458889,-68.926111,,,FM,,96.7,,REGIÓN DE ANTOFAGASTA,,,,,,broadcast,,,,,,
XQA-214,JUVENTUD,CALAMA,,-22.433333,-68.920000,,,FM,,97.3,,REGIÓN DE ANTOFAGASTA,,,,,,broadcast,,,,,,
XQA-215,ACTIVA,CALAMA,,-22.328611,-68.990000,,,FM,,98.5,,REGIÓN DE ANTOFAGASTA,,,,,,broadcast,,,,,,
XQA-216,TOPATER,CALAMA,,-22.450556,-68.922778,,,FM,,105.7,,REGIÓN DE ANTOFAGASTA,,,,,,broadcast,,,,,,
XQA-247,DESIERTO,CALAMA,,-22.328611,-68.990000,,,FM,,106.5,,REGIÓN DE ANTOFAGASTA,,,,,,broadcast,,,,,,
XQA-247R,DESIERTO,CALAMA,,-22.328611,-68.990000,,,FM,,106.5,,REGIÓN DE ANTOFAGASTA,,,,,,broadcast,,,,,,
XQA-248,CARNAVAL,CALAMA,,-22.328333,-68.991111,,,FM,,91.5,,REGIÓN DE ANTOFAGASTA,,,,,,broadcast,,,,,,
XQA-258,FM MIX,CALAMA,,-22.475278,-68.928611,,,FM,,100.3,,REGIÓN DE ANTOFAGASTA,,,,,,broadcast,,,,,,
XQA-275,MADERO,CALAMA,,-22.460278,-68.926944,,,FM,,88.1,,REGIÓN DE ANTOFAGASTA,,,,,,broadcast,,,,,,
XQA-290,ALEGRIA DEL TRANSPORTE,CALAMA,,-22.332778,-68.990000,,,FM,,90.7,,REGIÓN DE ANTOFAGASTA,,,,,,broadcast,,,,,,
XQA-306,CANAL 95,CALAMA,,-22.328889,-68.986667,,,FM,,89.1,,REGIÓN DE ANTOFAGASTA,,,,,,broadcast,,,,,,
XQA-335,BIO-BIO,CALAMA,,-22.332778,-68.989722,,,FM,,100.7,,REGIÓN DE ANTOFAGASTA,,,,,,broadcast,,,,,,
XQA-361,HIT 40,CALAMA,,-22.429722,-68.916944,,,FM,,103.5,,REGIÓN DE ANTOFAGASTA,,,,,,broadcast,,,,,,
XQA-379,AZUCAR,CALAMA,,-22.328889,-68.988611,,,FM,,90.3,,REGIÓN DE ANTOFAGASTA,,,,,,broadcast,,,,,,
XQA-399,CAROLINA,CALAMA,,-22.456389,-68.927778,,,FM,,105.3,,REGIÓN DE ANTOFAGASTA,,,,,,broadcast,,,,,,
XQA-422,ROMANTICA,CALAMA,,-22.456389,-68.927778,,,FM,,92.7,,REGIÓN DE ANTOFAGASTA,,,,,,broadcast,,,,,,
XQA-440,PARA TI,CALAMA,,-22.328889,-68.986667,,,FM,,88.7,,REGIÓN DE ANTOFAGASTA,,,,,,broadcast,,,,,,
XQA-499,DIGITAL FM,CALAMA,,-22.328889,-68.988611,,,FM,,89.5,,REGIÓN DE ANTOFAGASTA,,,,,,broadcast,,,,,,
XQA-445,EL CONQUISTADOR,CALAMA,,-22.328889,-68.986667,,,FM,,89.9,,REGIÓN DE ANTOFAGASTA,,,,,,broadcast,,,,,,
XQA-007,FM DOS,CALAMA,,-22.328333,-68.991111,,,FM,,104.7,,REGIÓN DE ANTOFAGASTA,,,,,,broadcast,,,,,,
XQA-492,POSITIVA,CALAMA,,-21.920833,-68.811944,,,FM,,88.3,,REGIÓN DE ANTOFAGASTA,,,,,,broadcast,,,,,,
XQA-449,RINCONADA,MEJILLONES,,-23.092222,-70.508333,,,FM,,94.3,,REGIÓN DE ANTOFAGASTA,,,,,,broadcast,,,,,,
XQA-072,MEJILLONES,MEJILLONES,,-23.096389,-70.443611,,,FM,,100.9,,REGIÓN DE ANTOFAGASTA,,,,,,broadcast,,,,,,
XQA-362,FM PLUS,MEJILLONES,,-23.092222,-70.508333,,,FM,,95.5,,REGIÓN DE ANTOFAGASTA,,,,,,broadcast,,,,,,
XQA-482,POSITIVA,ANTOFAGASTA,,-24.266389,-69.066944,,,FM,,94.7,,REGIÓN DE ANTOFAGASTA,,,,,,broadcast,,,,,,
XQA-385,FM PLUS,CALAMA,,-22.283333,-68.783333,,,FM,,93.5,,REGIÓN DE ANTOFAGASTA,,,,,,broadcast,,,,,,
XQA-044,BAHIA,TALTAL,,-25.414722,-70.423889,,,FM,,91.3,,REGIÓN DE ANTOFAGASTA,,,,,,broadcast,,,,,,
XQA-341,MADERO,TALTAL,,-25.416667,-70.424167,,,FM,,97.5,,REGIÓN DE ANTOFAGASTA,,,,,,broadcast,,,,,,
XQA-509,DEFINICION,TALTAL,,-25.404722,-70.485556,,,FM,,98.3,,REGIÓN DE ANTOFAGASTA,,,,,,broadcast,,,,,,
XQA-465,TOCONAO,SAN PEDRO DE ATACAMA,,-23.185833,-68.003056,,,FM,,102.9,,REGIÓN DE ANTOFAGASTA,,,,,,broadcast,,,,,,
XQA-134,CONTINENTE,TOCOPILLA,,-22.086944,-70.197222,,,FM,,94.5,,REGIÓN DE ANTOFAGASTA,,,,,,broadcast,,,,,,
XQA-300,MONTECARLO,TOCOPILLA,,-22.096944,-70.201389,,,FM,,93.7,,REGIÓN DE ANTOFAGASTA,,,,,,broadcast,,,,,,
XQA-336,MAKARENA,TOCOPILLA,,-22.097778,-70.200556,,,FM,,105.5,,REGIÓN DE ANTOFAGASTA,,,,,,broadcast,,,,,,
XQA-400,ACTUAL FM,TOCOPILLA,,-22.086389,-70.195000,,,FM,,102.9,,REGIÓN DE ANTOFAGASTA,,,,,,broadcast,,,,,,
XQA-415,NUEVO MUNDO,TOCOPILLA,,-22.106111,-70.203333,,,FM,,97.1,,REGIÓN DE ANTOFAGASTA,,,,,,broadcast,,,,,,
XQA-432,CANAL 95,TOCOPILLA,,-22.086389,-70.195000,,,FM,,89.9,,REGIÓN DE ANTOFAGASTA,,,,,,broadcast,,,,,,
XQA-483,MADERO,TOCOPILLA,,-22.118056,-70.191667,,,FM,,106.1,,REGIÓN DE ANTOFAGASTA,,,,,,broadcast,,,,,,
XQA-488,PURO CHILE,TOCOPILLA,,-22.100833,-70.203611,,,FM,,99.3,,REGIÓN DE ANTOFAGASTA,,,,,,broadcast,,,,,,
XQA-461,MUNICIPAL ALTO DEL CARMEN,ALTO DEL CARMEN,,-28.799167,-70.418333,,,FM,,91.3,,REGIÓN DE ATACAMA,,,,,,broadcast,,,,,,
XQA-523,NOSTALGICA,ALTO DEL CARMEN,,-28.798333,-70.417778,,,FM,,102.3,,REGIÓN DE ATACAMA,,,,,,broadcast,,,,,,
XQA-034,NUEVO SOL,CALDERA,,-0.000000,-0.000000,,,FM,,90.1,,REGIÓN DE ATACAMA,,,,,,broadcast,,,,,,
XQA-182,BAHIA,CALDERA,,-27.066667,-70.832778,,,FM,,99.7,,REGIÓN DE ATACAMA,,,,,,broadcast,,,,,,
XQA-184,UNIVERSIDAD ADVENTISTA,CALDERA,,-27.062222,-70.837222,,,FM,,105.5,,REGIÓN DE ATACAMA,,,,,,broadcast,,,,,,
XQA-187,FESTIVA,CALDERA,,-27.065000,-70.833333,,,FM,,106.7,,REGIÓN DE ATACAMA,,,,,,broadcast,,,,,,
XQA-188,MADERO,CALDERA,,-27.065000,-70.833333,,,FM,,104.1,,REGIÓN DE ATACAMA,,,,,,broadcast,,,,,,
XQA-334,BIO-BIO,CALDERA,,-27.062778,-70.836944,,,FM,,96.9,,REGIÓN DE ATACAMA,,,,,,broadcast,,,,,,
XQA-354,CAROLINA,CALDERA,,-27.060278,-70.834444,,,FM,,90.5,,REGIÓN DE ATACAMA,,,,,,broadcast,,,,,,
XQA-439,NOSTALGICA,CALDERA,,-27.062222,-70.837222,,,FM,,100.5,,REGIÓN DE ATACAMA,,,,,,broadcast,,,,,,
XQA-470,NUEVO MUNDO,CALDERA,,-27.062778,-70.837500,,,FM,,96.1,,REGIÓN DE ATACAMA,,,,,,broadcast,,,,,,
XQA-543,SANTUARIO,CALDERA,,-27.065000,-70.833333,,,FM,,91.1,,REGIÓN DE ATACAMA,,,,,,broadcast,,,,,,
XQA-565,TAMARUGAL,CALDERA,,-27.063056,-70.837222,,,FM,,97.5,,REGIÓN DE ATACAMA,,,,,,broadcast,,,,,,
XQA-610,CANDY FM,CALDERA,,-27.062778,-70.837222,,,FM,,92.7,,REGIÓN DE ATACAMA,,,,,,broadcast,,,,,,
XQA-639,TROPIKALISIMA FM,CALDERA,,-27.061667,-70.836667,,,FM,,93.7,,REGIÓN DE ATACAMA,,,,,,broadcast,,,,,,
XQA-150,COBRE-MAR,CHAÑARAL,,-26.287222,-70.649444,,,FM,,89.9,,REGIÓN DE ATACAMA,,,,,,broadcast,,,,,,
XQA-186,BAHIA,CHAÑARAL,,-26.335556,-70.613611,,,FM,,105.1,,REGIÓN DE ATACAMA,,,,,,broadcast,,,,,,
XQA-322,MADERO,CHAÑARAL,,-26.287500,-70.648889,,,FM,,102.1,,REGIÓN DE ATACAMA,,,,,,broadcast,,,,,,
XQA-474,NOSTALGICA,CHAÑARAL,,-26.287222,-70.650000,,,FM,,92.5,,REGIÓN DE ATACAMA,,,,,,broadcast,,,,,,
XQA-520,ARMONIA,CHAÑARAL,,-26.287222,-70.649444,,,FM,,105.9,,REGIÓN DE ATACAMA,,,,,,broadcast,,,,,,
XQA-008,CORAZON,COPIAPO,,-27.359444,-70.281667,,,FM,,94.7,,REGIÓN DE ATACAMA,,,,,,broadcast,,,,,,
XQA-035,BIO-BIO,COPIAPO,,-27.360833,-70.280278,,,FM,,97.3,,REGIÓN DE ATACAMA,,,,,,broadcast,,,,,,
XQA-036,MARAY,COPIAPO,,-27.358889,-70.281667,,,FM,,90.9,,REGIÓN DE ATACAMA,,,,,,broadcast,,,,,,
XQA-057,UNIVERSIDAD ADVENTISTA,COPIAPO,,-27.360833,-70.277500,,,FM,,100.3,,REGIÓN DE ATACAMA,,,,,,broadcast,,,,,,
XQA-083,ACTIVA,COPIAPO,,-27.359444,-70.280278,,,FM,,92.1,,REGIÓN DE ATACAMA,,,,,,broadcast,,,,,,
XQA-103,UNIVERSIDAD,COPIAPO,,-27.358889,-70.281667,,,FM,,96.5,,REGIÓN DE ATACAMA,,,,,,broadcast,,,,,,
XQA-107,ANTARA,COPIAPO,,-27.358889,-70.281667,,,FM,,95.3,,REGIÓN DE ATACAMA,,,,,,broadcast,,,,,,
XQA-111,SANTUARIO,COPIAPO,,-27.359722,-70.281667,,,FM,,91.5,,REGIÓN DE ATACAMA,,,,,,broadcast,,,,,,
XQA-115,MADERO,COPIAPO,,-27.359444,-70.280278,,,FM,,94.1,,REGIÓN DE ATACAMA,,,,,,broadcast,,,,,,
XQA-119,GENESIS,COPIAPO,,-27.358889,-70.281667,,,FM,,92.7,,REGIÓN DE ATACAMA,,,,,,broadcast,,,,,,
XQA-121,ROMANCE,COPIAPO,,-27.359167,-70.281111,,,FM,,98.5,,REGIÓN DE ATACAMA,,,,,,broadcast,,,,,,
XQA-132,CONCIERTO,COPIAPO,,-27.359444,-70.281667,,,FM,,102.5,,REGIÓN DE ATACAMA,,,,,,broadcast,,,,,,
XQA-143,M80,COPIAPO,,-27.360278,-70.285000,,,FM,,98.1,,REGIÓN DE ATACAMA,,,,,,broadcast,,,,,,
XQA-178,FESTIVA,COPIAPO,,-27.360000,-70.281667,,,FM,,100.9,,REGIÓN DE ATACAMA,,,,,,broadcast,,,,,,
XQA-194,FM PLUS,COPIAPO,,-27.363611,-70.282778,,,FM,,106.3,,REGIÓN DE ATACAMA,,,,,,broadcast,,,,,,
XQA-219,ROCK & POP,COPIAPO,,-27.359444,-70.280278,,,FM,,104.9,,REGIÓN DE ATACAMA,,,,,,broadcast,,,,,,
XQA-224,PUDAHUEL,COPIAPO,,-27.363889,-70.282500,,,FM,,89.3,,REGIÓN DE ATACAMA,,,,,,broadcast,,,,,,
XQA-225,EL CONQUISTADOR,COPIAPO,,-27.363333,-70.282222,,,FM,,103.7,,REGIÓN DE ATACAMA,,,,,,broadcast,,,,,,
XQA-305,IMAGINA,COPIAPO,,-27.358889,-70.281389,,,FM,,98.9,,REGIÓN DE ATACAMA,,,,,,broadcast,,,,,,
XQA-321,INICIA RADIO,COPIAPO,,-27.359444,-70.280278,,,FM,,97.7,,REGIÓN DE ATACAMA,,,,,,broadcast,,,,,,
XQA-355,COOPERATIVA,COPIAPO,,-27.359444,-70.280278,,,FM,,93.3,,REGIÓN DE ATACAMA,,,,,,broadcast,,,,,,
XQA-380,DIGITAL FM,COPIAPO,,-27.359444,-70.280278,,,FM,,89.9,,REGIÓN DE ATACAMA,,,,,,broadcast,,,,,,
XQA-398,NOSTALGICA PLUS,COPIAPO,,-27.360556,-70.281389,,,FM,,99.9,,REGIÓN DE ATACAMA,,,,,,broadcast,,,,,,
XQA-411,CAROLINA,COPIAPO,,-27.359444,-70.280278,,,FM,,102.1,,REGIÓN DE ATACAMA,,,,,,broadcast,,,,,,
XQA-484,POSITIVA,COPIAPO,,-27.359444,-70.280278,,,FM,,101.3,,REGIÓN DE ATACAMA,,,,,,broadcast,,,,,,
XQA-434,NOSTALGICA,COPIAPO,,-27.360000,-70.281667,,,FM,,88.1,,REGIÓN DE ATACAMA,,,,,,broadcast,,,,,,
XQA-459,NUEVO MUNDO,COPIAPO,,-27.360000,-70.281667,,,FM,,96.9,,REGIÓN DE ATACAMA,,,,,,broadcast,,,,,,
XQA-041,ALMEIDA FM,DIEGO DE ALMAGRO,,-26.383611,-70.040833,,,FM,,94.3,,REGIÓN DE ATACAMA,,,,,,broadcast,,,,,,
XQA-409,NORTE FM,DIEGO DE ALMAGRO,,-26.387500,-70.061111,,,FM,,98.3,,REGIÓN DE ATACAMA,,,,,,broadcast,,,,,,
XQA-446,NUEVO MUNDO,DIEGO DE ALMAGRO,,-26.383333,-70.058333,,,FM,,95.1,,REGIÓN DE ATACAMA,,,,,,broadcast,,,,,,
XQA-476,NOSTALGICA,DIEGO DE ALMAGRO,,-26.383333,-70.058333,,,FM,,97.1,,REGIÓN DE ATACAMA,,,,,,broadcast,,,,,,
XQA-201,OLLANTAY,CHAÑARAL,,-26.378056,-70.280278,,,FM,,91.7,,REGIÓN DE ATACAMA,,,,,,broadcast,,,,,,
XQA-582,ARMONIA,CHAÑARAL,,-26.382222,-70.282222,,,FM,,92.1,,REGIÓN DE ATACAMA,,,,,,broadcast,,,,,,
CA-149,ALICANTO,"0,0",,-26.250000,-69.644722,,,AM,,1490,,REGIÓN DE ATACAMA,,,,,,broadcast,,,,,,
XQA-421,RUTAS FM,DIEGO DE ALMAGRO,,-26.243611,-69.631389,,,FM,,95.5,,REGIÓN DE ATACAMA,,,,,,broadcast,,,,,,
XQA-438,MONTECARLO,DIEGO DE ALMAGRO,,-26.348056,-69.564444,,,FM,,100.7,,REGIÓN DE ATACAMA,,,,,,broadcast,,,,,,
XQA-584,NOSTALGICA,DIEGO DE ALMAGRO,,-26.242778,-69.631389,,,FM,,90.3,,REGIÓN DE ATACAMA,,,,,,broadcast,,,,,,
XQA-419,PROFETA,FREIRINA,,-28.513333,-71.074444,,,FM,,94.9,,REGIÓN DE ATACAMA,,,,,,broadcast,,,,,,
XQA-100,PROGRESO,HUASCO,,-28.483889,-71.179722,,,FM,,101.1,,REGIÓN DE ATACAMA,,,,,,broadcast,,,,,,
XQA-310,KARINA,HUASCO,,-28.483889,-71.179444,,,FM,,90.3,,REGIÓN DE ATACAMA,,,,,,broadcast,,,,,,
XQA-514,NOSTALGICA,HUASCO,,-28.483889,-71.179444,,,FM,,89.1,,REGIÓN DE ATACAMA,,,,,,broadcast,,,,,,
XQA-636,SANTUARIO,HUASCO,,-28.461389,-71.219167,,,FM,,103.9,,REGIÓN DE ATACAMA,,,,,,broadcast,,,,,,
XQA-586,CANDY FM,HUASCO,,-28.487778,-71.181667,,,FM,,92.7,,REGIÓN DE ATACAMA,,,,,,broadcast,,,,,,
XQA-323,MADERO,TIERRA AMARILLA,,-27.857500,-70.116667,,,FM,,93.7,,REGIÓN DE ATACAMA,,,,,,broadcast,,,,,,
XQA-489,NOSTALGICA,CHAÑARAL,,-26.545833,-70.319444,,,FM,,93.5,,REGIÓN DE ATACAMA,,,,,,broadcast,,,,,,
XQA-753,NOSTALGICA,VALLENAR,,-29.169722,-70.966944,,,FM,,98.1,,REGIÓN DE ATACAMA,,,,,,broadcast,,,,,,
XQA-532,NOSTALGICA,ALTO DEL CARMEN,,-29.316667,-70.026111,,,FM,,93.5,,REGIÓN DE ATACAMA,,,,,,broadcast,,,,,,
XQA-596,NOSTALGICA,FREIRINA,,-28.308333,-70.816667,,,FM,,95.9,,REGIÓN DE ATACAMA,,,,,,broadcast,,,,,,
XQA-580,NOSTALGICA,TIERRA AMARILLA,,-27.908889,-69.324167,,,FM,,89.5,,REGIÓN DE ATACAMA,,,,,,broadcast,,,,,,
XQA-651,NOSTALGICA,DIEGO DE ALMAGRO,,-26.549444,-70.321389,,,FM,,88.5,,REGIÓN DE ATACAMA,,,,,,broadcast,,,,,,
XQA-585,NOSTALGICA,FREIRINA,,-28.308333,-70.816667,,,FM,,103.9,,REGIÓN DE ATACAMA,,,,,,broadcast,,,,,,
XQA-590,NOSTALGICA,TIERRA AMARILLA,,-27.551944,-69.287222,,,FM,,94.9,,REGIÓN DE ATACAMA,,,,,,broadcast,,,,,,
XQA-085,SANTUARIO,TIERRA AMARILLA,,-27.474444,-70.264167,,,FM,,95.9,,REGIÓN DE ATACAMA,,,,,,broadcast,,,,,,
XQA-260,CANDELARIA,COPIAPO,,-27.362778,-70.283333,,,FM,,106.7,,REGIÓN DE ATACAMA,,,,,,broadcast,,,,,,
XQA-343,ARMONIA,COPIAPO,,-27.359444,-70.280278,,,FM,,90.3,,REGIÓN DE ATACAMA,,,,,,broadcast,,,,,,
XQA-374,ROMANTICA,COPIAPO,,-27.358889,-70.281389,,,FM,,99.5,,REGIÓN DE ATACAMA,,,,,,broadcast,,,,,,
XQA-220,MADERO,VALLENAR,,-28.576111,-70.746667,,,FM,,103.5,,REGIÓN DE ATACAMA,,,,,,broadcast,,,,,,
XQA-223,ARMONIA,VALLENAR,,-28.575000,-70.739722,,,FM,,104.9,,REGIÓN DE ATACAMA,,,,,,broadcast,,,,,,
XQA-246,SANTUARIO,VALLENAR,,-28.575000,-70.748889,,,FM,,92.3,,REGIÓN DE ATACAMA,,,,,,broadcast,,,,,,
XQA-392,MARIA,VALLENAR,,-28.571389,-70.734722,,,FM,,105.9,,REGIÓN DE ATACAMA,,,,,,broadcast,,,,,,
XQA-413,CAROLINA,VALLENAR,,-28.521111,-70.802222,,,FM,,106.5,,REGIÓN DE ATACAMA,,,,,,broadcast,,,,,,
XQA-441,PANORAMA,VALLENAR,,-28.566667,-70.734167,,,FM,,90.9,,REGIÓN DE ATACAMA,,,,,,broadcast,,,,,,
XQA-456,PROFETA,VALLENAR,,-28.571667,-70.735833,,,FM,,102.7,,REGIÓN DE ATACAMA,,,,,,broadcast,,,,,,
XQA-466,NUEVO MUNDO,VALLENAR,,-28.566667,-70.734167,,,FM,,96.7,,REGIÓN DE ATACAMA,,,,,,broadcast,,,,,,
XQA-486,CORPORACION,VALLENAR,,-28.480278,-70.780000,,,FM,,101.3,,REGIÓN DE ATACAMA,,,,,,broadcast,,,,,,
XQA-503,NOSTALGICA,VALLENAR,,-28.566667,-70.734167,,,FM,,97.5,,REGIÓN DE ATACAMA,,,,,,broadcast,,,,,,
XQA-126,GENESIS,ANDACOLLO,,-30.237778,-71.085278,,,FM,,94.1,,REGIÓN DE COQUIMBO,,,,,,broadcast,,,,,,
XQA-576,ARMONIA,ANDACOLLO,,-30.220000,-71.078889,,,FM,,100.1,,REGIÓN DE COQUIMBO,,,,,,broadcast,,,,,,
XQA-462,BALNEARIO,LOS VILOS,,-31.930278,-71.133056,,,FM,,98.1,,REGIÓN DE COQUIMBO,,,,,,broadcast,,,,,,
XQA-280,ASUNCION,CANELA,,-31.374444,-71.454167,,,FM,,92.3,,REGIÓN DE COQUIMBO,,,,,,broadcast,,,,,,
XQA-128,COMBARBALA,COMBARBALA,,-31.170556,-71.003611,,,FM,,91.1,,REGIÓN DE COQUIMBO,,,,,,broadcast,,,,,,
XQA-217,PROGRESO,COMBARBALA,,-31.148056,-70.975556,,,FM,,106.7,,REGIÓN DE COQUIMBO,,,,,,broadcast,,,,,,
XQA-324,MARIA,COMBARBALA,,-31.171111,-71.019444,,,FM,,94.3,,REGIÓN DE COQUIMBO,,,,,,broadcast,,,,,,
XQA-541,ARMONIA,COMBARBALA,,-31.151389,-70.977778,,,FM,,93.5,,REGIÓN DE COQUIMBO,,,,,,broadcast,,,,,,
CA-135,GUARDIA MARINA RIQUELME,COQUIMBO,,-29.958333,-71.316111,,,AM,,1350,,REGIÓN DE COQUIMBO,,,,,,broadcast,,,,,,
XQA-006,UNIVERSO,LA SERENA,,-29.935000,-71.221111,,,FM,,92.9,,REGIÓN DE COQUIMBO,,,,,,broadcast,,,,,,
XQA-059,AMERICA,LA SERENA,,-29.934722,-71.221389,,,FM,,99.3,,REGIÓN DE COQUIMBO,,,,,,broadcast,,,,,,
XQA-124,HORIZONTE,LA SERENA,,-29.934444,-71.220833,,,FM,,102.1,,REGIÓN DE COQUIMBO,,,,,,broadcast,,,,,,
XQA-171,CORAZON,LA SERENA,,-29.936944,-71.232222,,,FM,,91.7,,REGIÓN DE COQUIMBO,,,,,,broadcast,,,,,,
XQA-327,AMERICA,MONTE PATRIA,,-30.856111,-70.888056,,,FM,,102.9,,REGIÓN DE COQUIMBO,,,,,,broadcast,,,,,,
XQA-004,AMERICA,ILLAPEL,,-31.651389,-71.149444,,,FM,,100.3,,REGIÓN DE COQUIMBO,,,,,,broadcast,,,,,,
XQA-254,JUAN PABLO II,ILLAPEL,,-31.638333,-71.151667,,,FM,,90.3,,REGIÓN DE COQUIMBO,,,,,,broadcast,,,,,,
XQA-268,ILLAPEL FM,ILLAPEL,,-31.644444,-71.151111,,,FM,,96.5,,REGIÓN DE COQUIMBO,,,,,,broadcast,,,,,,
XQA-301,ROMANCE,ILLAPEL,,-31.651389,-71.149444,,,FM,,92.9,,REGIÓN DE COQUIMBO,,,,,,broadcast,,,,,,
XQA-407,RADIO MAS,ILLAPEL,,-31.644444,-71.150000,,,FM,,98.7,,REGIÓN DE COQUIMBO,,,,,,broadcast,,,,,,
XQA-467,MADRIGAL,ILLAPEL,,-31.622222,-71.166667,,,FM,,95.3,,REGIÓN DE COQUIMBO,,,,,,broadcast,,,,,,
XQA-469,NUEVO MUNDO,ILLAPEL,,-31.651944,-71.149444,,,FM,,97.1,,REGIÓN DE COQUIMBO,,,,,,broadcast,,,,,,
XQA-557,DULCE,ILLAPEL,,-31.655833,-71.151667,,,FM,,98.3,,REGIÓN DE COQUIMBO,,,,,,broadcast,,,,,,
XQA-386,SAN BARTOLOME,LA HIGUERA,,-29.450000,-71.245000,,,FM,,93.9,,REGIÓN DE COQUIMBO,,,,,,broadcast,,,,,,
CA-082A,GABRIELA MISTRAL,LA SERENA,,-29.871389,-71.214167,,,AM,,820,,REGIÓN DE COQUIMBO,,,,,,broadcast,,,,,,
XQA-025,ROMANTICA,LA SERENA,,-29.935556,-71.221667,,,FM,,97.1,,REGIÓN DE COQUIMBO,,,,,,broadcast,,,,,,
XQA-026,DIGITAL FM,LA SERENA,,-29.935556,-71.221667,,,FM,,97.7,,REGIÓN DE COQUIMBO,,,,,,broadcast,,,,,,
XQA-038,PLAY,LA SERENA,,-29.935000,-71.221944,,,FM,,88.9,,REGIÓN DE COQUIMBO,,,,,,broadcast,,,,,,
XQA-039,UNIVERSIDAD DE LA SERENA,LA SERENA,,-29.910278,-71.240556,,,FM,,94.5,,REGIÓN DE COQUIMBO,,,,,,broadcast,,,,,,
XQA-050,ACTIVA,LA SERENA,,-29.935278,-71.222222,,,FM,,100.9,,REGIÓN DE COQUIMBO,,,,,,broadcast,,,,,,
XQA-062,ADN RADIO,LA SERENA,,-29.935278,-71.222222,,,FM,,89.5,,REGIÓN DE COQUIMBO,,,,,,broadcast,,,,,,
XQA-066,HIT 40,LA SERENA,,-29.934722,-71.220833,,,FM,,105.7,,REGIÓN DE COQUIMBO,,,,,,broadcast,,,,,,
XQA-084,EL FARO,LA SERENA,,-29.900000,-71.240278,,,FM,,95.7,,REGIÓN DE COQUIMBO,,,,,,broadcast,,,,,,
XQA-090,EL CONQUISTADOR,LA SERENA,,-29.935000,-71.221944,,,FM,,101.5,,REGIÓN DE COQUIMBO,,,,,,broadcast,,,,,,
XQA-098,INFINITA,LA SERENA,,-29.935556,-71.221667,,,FM,,103.3,,REGIÓN DE COQUIMBO,,,,,,broadcast,,,,,,
XQA-101,MADERO,LA SERENA,,-29.934722,-71.221389,,,FM,,93.5,,REGIÓN DE COQUIMBO,,,,,,broadcast,,,,,,
XQA-112,MI RADIO,LA SERENA,,-29.935556,-71.221667,,,FM,,98.5,,REGIÓN DE COQUIMBO,,,,,,broadcast,,,,,,
XQA-125,ROCK & POP,LA SERENA,,-29.916667,-71.245556,,,FM,,96.3,,REGIÓN DE COQUIMBO,,,,,,broadcast,,,,,,
XQA-136,ARMONIA,LA SERENA,,-29.936944,-71.232222,,,FM,,88.3,,REGIÓN DE COQUIMBO,,,,,,broadcast,,,,,,
XQA-162,COOPERATIVA,LA SERENA,,-29.934722,-71.221389,,,FM,,106.7,,REGIÓN DE COQUIMBO,,,,,,broadcast,,,,,,
XQA-168,FUTURO,LA SERENA,,-29.934722,-71.221389,,,FM,,92.3,,REGIÓN DE COQUIMBO,,,,,,broadcast,,,,,,
XQA-169,PUDAHUEL,LA SERENA,,-29.934722,-71.221389,,,FM,,99.9,,REGIÓN DE COQUIMBO,,,,,,broadcast,,,,,,
XQA-170,FM PLUS,LA SERENA,,-29.935000,-71.221944,,,FM,,104.9,,REGIÓN DE COQUIMBO,,,,,,broadcast,,,,,,
XQA-205,CAROLINA,LA SERENA,,-29.935556,-71.221667,,,FM,,104.1,,REGIÓN DE COQUIMBO,,,,,,broadcast,,,,,,
XQA-207,BIO-BIO,LA SERENA,,-29.938333,-71.222778,,,FM,,90.5,,REGIÓN DE COQUIMBO,,,,,,broadcast,,,,,,
XQA-274,IMAGINA,LA SERENA,,-29.934722,-71.221389,,,FM,,106.3,,REGIÓN DE COQUIMBO,,,,,,broadcast,,,,,,
XQA-285,FM DOS,LA SERENA,,-29.939167,-71.222778,,,FM,,105.3,,REGIÓN DE COQUIMBO,,,,,,broadcast,,,,,,
XQA-364,CONCIERTO,LA SERENA,,-29.934722,-71.221389,,,FM,,90.1,,REGIÓN DE COQUIMBO,,,,,,broadcast,,,,,,
XQA-667,CONTINENTE,LA SERENA,,-29.936944,-71.232222,,,FM,,98.9,,REGIÓN DE COQUIMBO,,,,,,broadcast,,,,,,
XQA-367,SAN BARTOLOME,COQUIMBO,,-30.045556,-71.353056,,,FM,,96.7,,REGIÓN DE COQUIMBO,,,,,,broadcast,,,,,,
XQA-023,BALNEARIO,LOS VILOS,,-31.906389,-71.508333,,,FM,,97.5,,REGIÓN DE COQUIMBO,,,,,,broadcast,,,,,,
XQA-093,LA VOZ DEL MAR,LOS VILOS,,-31.910000,-71.511667,,,FM,,99.9,,REGIÓN DE COQUIMBO,,,,,,broadcast,,,,,,
XQA-298,MONTECARLO,LOS VILOS,,-31.838333,-71.501111,,,FM,,90.1,,REGIÓN DE COQUIMBO,,,,,,broadcast,,,,,,
XQA-337,ARMONIA,LOS VILOS,,-31.913056,-71.513611,,,FM,,94.3,,REGIÓN DE COQUIMBO,,,,,,broadcast,,,,,,
XQA-496,POSITIVA,LOS VILOS,,-31.910000,-71.511667,,,FM,,101.7,,REGIÓN DE COQUIMBO,,,,,,broadcast,,,,,,
XQB-358,RADIO MAS,LOS VILOS,,-31.908889,-71.490833,,,FM,,93.3,,REGIÓN DE COQUIMBO,,,,,,broadcast,,,,,,
XQA-245,VALENTINA,MONTE PATRIA,,-30.719722,-70.941389,,,FM,,99.1,,REGIÓN DE COQUIMBO,,,,,,broadcast,,,,,,
XQA-330,MARIA,MONTE PATRIA,,-30.719444,-70.941111,,,FM,,105.9,,REGIÓN DE COQUIMBO,,,,,,broadcast,,,,,,
XQA-344,SAN BARTOLOME,MONTE PATRIA,,-30.723333,-70.943056,,,FM,,88.1,,REGIÓN DE COQUIMBO,,,,,,broadcast,,,,,,
CA-062,NORTE VERDE,OVALLE,,-30.600000,-71.216667,,,AM,,620,,REGIÓN DE COQUIMBO,,,,,,broadcast,,,,,,
XQA-003,PUDAHUEL,OVALLE,,-30.626389,-71.188333,,,FM,,92.7,,REGIÓN DE COQUIMBO,,,,,,broadcast,,,,,,
XQA-065,MONTECARLO,OVALLE,,-30.597500,-71.208889,,,FM,,102.3,,REGIÓN DE COQUIMBO,,,,,,broadcast,,,,,,
XQA-148,COOPERATIVA,OVALLE,,-30.626944,-71.188889,,,FM,,94.9,,REGIÓN DE COQUIMBO,,,,,,broadcast,,,,,,
XQA-172,UNIVERSO,OVALLE,,-30.597500,-71.208889,,,FM,,99.7,,REGIÓN DE COQUIMBO,,,,,,broadcast,,,,,,
XQA-189,COMUNICATIVA,OVALLE,,-30.583611,-71.186389,,,FM,,93.7,,REGIÓN DE COQUIMBO,,,,,,broadcast,,,,,,
XQA-190,ALEGRE,OVALLE,,-30.626667,-71.189444,,,FM,,91.3,,REGIÓN DE COQUIMBO,,,,,,broadcast,,,,,,
XQA-192,ADN RADIO,OVALLE,,-30.630833,-71.190833,,,FM,,98.1,,REGIÓN DE COQUIMBO,,,,,,broadcast,,,,,,
XQA-202,PARAISO,OVALLE,,-30.601389,-71.211111,,,FM,,92.1,,REGIÓN DE COQUIMBO,,,,,,broadcast,,,,,,
XQA-227,ACTIVA,OVALLE,,-30.630833,-71.190833,,,FM,,90.1,,REGIÓN DE COQUIMBO,,,,,,broadcast,,,,,,
XQA-292,CARIBE,OVALLE,,-30.626667,-71.189444,,,FM,,95.5,,REGIÓN DE COQUIMBO,,,,,,broadcast,,,,,,
XQA-303,CARNAVAL,OVALLE,,-30.626667,-71.189444,,,FM,,101.7,,REGIÓN DE COQUIMBO,,,,,,broadcast,,,,,,
XQA-309,SAN BARTOLOME,OVALLE,,-30.604167,-71.170556,,,FM,,95.9,,REGIÓN DE COQUIMBO,,,,,,broadcast,,,,,,
XQA-348,BIO-BIO,OVALLE,,-30.630278,-71.191111,,,FM,,101.1,,REGIÓN DE COQUIMBO,,,,,,broadcast,,,,,,
XQA-382,ESTILO,OVALLE,,-30.626944,-71.188889,,,FM,,88.5,,REGIÓN DE COQUIMBO,,,,,,broadcast,,,,,,
XQA-397,POSITIVA,OVALLE,,-30.626389,-71.188889,,,FM,,93.1,,REGIÓN DE COQUIMBO,,,,,,broadcast,,,,,,
XQA-414,CAROLINA,OVALLE,,-30.626667,-71.189444,,,FM,,106.5,,REGIÓN DE COQUIMBO,,,,,,broadcast,,,,,,
XQA-443,EL CONQUISTADOR,OVALLE,,-30.626667,-71.188889,,,FM,,104.7,,REGIÓN DE COQUIMBO,,,,,,broadcast,,,,,,
XQA-453,NUEVO MUNDO,OVALLE,,-30.626944,-71.188889,,,FM,,88.9,,REGIÓN DE COQUIMBO,,,,,,broadcast,,,,,,
XQA-502,CORPORACION,OVALLE,,-30.597500,-71.208889,,,FM,,97.3,,REGIÓN DE COQUIMBO,,,,,,broadcast,,,,,,
XQA-597,MI RADIO,OVALLE,,-30.630278,-71.191389,,,FM,,94.3,,REGIÓN DE COQUIMBO,,,,,,broadcast,,,,,,
XQA-295,CUNA DEL SOL,PAIHUANO,,-30.045000,-70.550556,,,FM,,99.5,,REGIÓN DE COQUIMBO,,,,,,broadcast,,,,,,
XQA-325,DEFINICION FM,LOS VILOS,,-32.158611,-71.492222,,,FM,,89.7,,REGIÓN DE COQUIMBO,,,,,,broadcast,,,,,,
XQA-444,DIGITAL FM2,LOS VILOS,,-32.158611,-71.492222,,,FM,,92.1,,REGIÓN DE COQUIMBO,,,,,,broadcast,,,,,,
XQA-675,DULCE,LOS VILOS,,-32.162222,-71.494722,,,FM,,103.1,,REGIÓN DE COQUIMBO,,,,,,broadcast,,,,,,
XQA-226,VIDA NUEVA,PUNITAQUI,,-30.843333,-71.245000,,,FM,,103.5,,REGIÓN DE COQUIMBO,,,,,,broadcast,,,,,,
XQA-539,PANORAMA,PUNITAQUI,,-30.812778,-71.271667,,,FM,,97.7,,REGIÓN DE COQUIMBO,,,,,,broadcast,,,,,,
XQA-164,PAOLA,SALAMANCA,,-31.760278,-70.994722,,,FM,,104.5,,REGIÓN DE COQUIMBO,,,,,,broadcast,,,,,,
XQA-302,ROMANCE,SALAMANCA,,-31.760833,-70.994722,,,FM,,103.9,,REGIÓN DE COQUIMBO,,,,,,broadcast,,,,,,
XQA-370,EPICENTRO,SALAMANCA,,-31.760833,-70.994722,,,FM,,103.3,,REGIÓN DE COQUIMBO,,,,,,broadcast,,,,,,
XQA-393,LA POPULAR,SALAMANCA,,-31.760000,-71.002778,,,FM,,102.7,,REGIÓN DE COQUIMBO,,,,,,broadcast,,,,,,
XQA-457,ILLAPEL FM,SALAMANCA,,-31.760556,-70.995833,,,FM,,105.7,,REGIÓN DE COQUIMBO,,,,,,broadcast,,,,,,
XQA-471,NUEVO MUNDO,SALAMANCA,,-31.760833,-70.994722,,,FM,,89.3,,REGIÓN DE COQUIMBO,,,,,,broadcast,,,,,,
XQD-196,SAN FRANCISCO,SALAMANCA,,-31.760000,-71.002778,,,FM,,102.1,,REGIÓN DE COQUIMBO,,,,,,broadcast,,,,,,
XQA-095,CARNAVAL,LA SERENA,,-29.935556,-71.221667,,,FM,,104.5,,REGIÓN DE COQUIMBO,,,,,,broadcast,,,,,,
XQA-410,VALPARAISO,COQUIMBO,,-30.249444,-71.494444,,,FM,,90.9,,REGIÓN DE COQUIMBO,,,,,,broadcast,,,,,,
XQA-478,TULAHUEN,MONTE PATRIA,,-30.967500,-70.757778,,,FM,,97.3,,REGIÓN DE COQUIMBO,,,,,,broadcast,,,,,,
XQA-193,MISTRAL,VICUÑA,,-30.038333,-70.719444,,,FM,,95.3,,REGIÓN DE COQUIMBO,,,,,,broadcast,,,,,,
XQA-197,AMERICA,VICUÑA,,-30.029722,-70.710278,,,FM,,97.5,,REGIÓN DE COQUIMBO,,,,,,broadcast,,,,,,
XQA-198,MONTECARLO,VICUÑA,,-30.030833,-70.709722,,,FM,,98.7,,REGIÓN DE COQUIMBO,,,,,,broadcast,,,,,,
XQA-291,SAN BARTOLOME,VICUÑA,,-30.031111,-70.701944,,,FM,,89.9,,REGIÓN DE COQUIMBO,,,,,,broadcast,,,,,,
XQA-424,ASTRONOMICA VALLE DE ELQUI,VICUÑA,,-30.034167,-70.713889,,,FM,,91.5,,REGIÓN DE COQUIMBO,,,,,,broadcast,,,,,,
XQB-112,RAUDAL,CABILDO,,-32.435833,-71.131389,,,FM,,99.9,,REGIÓN DE VALPARAÍSO,,,,,,broadcast,,,,,,
XQB-308,CRISTAL,CABILDO,,-32.422222,-71.105556,,,FM,,101.9,,REGIÓN DE VALPARAÍSO,,,,,,broadcast,,,,,,
XQB-375,SER,CABILDO,,-32.435833,-71.131389,,,FM,,103.9,,REGIÓN DE VALPARAÍSO,,,,,,broadcast,,,,,,
XQB-428,MONTEALEGRE,CABILDO,,-32.438889,-71.134722,,,FM,,96.9,,REGIÓN DE VALPARAÍSO,,,,,,broadcast,,,,,,
XQB-128,PUDAHUEL,CARTAGENA,,-33.563889,-71.597778,,,FM,,94.7,,REGIÓN DE VALPARAÍSO,,,,,,broadcast,,,,,,
XQB-321,VALPARAISO,CARTAGENA,,-33.563889,-71.597778,,,FM,,102.5,,REGIÓN DE VALPARAÍSO,,,,,,broadcast,,,,,,
XQB-355,ESTILO,SAN ANTONIO,,-33.573611,-71.609722,,,FM,,88.3,,REGIÓN DE VALPARAÍSO,,,,,,broadcast,,,,,,
XQB-121,QUINTAY,CASABLANCA,,-33.321944,-71.408889,,,FM,,92.7,,REGIÓN DE VALPARAÍSO,,,,,,broadcast,,,,,,
XQB-259,COOPERATIVA,CASABLANCA,,-33.257500,-71.410278,,,FM,,99.3,,REGIÓN DE VALPARAÍSO,,,,,,broadcast,,,,,,
XQB-300,ESTILO,CASABLANCA,,-33.257500,-71.410278,,,FM,,90.1,,REGIÓN DE VALPARAÍSO,,,,,,broadcast,,,,,,
XQB-386,DULCE,CASABLANCA,,-33.348889,-71.403333,,,FM,,97.9,,REGIÓN DE VALPARAÍSO,,,,,,broadcast,,,,,,
XQB-307,VALENTINA,ZAPALLAR,,-32.565278,-71.279167,,,FM,,103.3,,REGIÓN DE VALPARAÍSO,,,,,,broadcast,,,,,,
XQA-369,EPICENTRO,PETORCA,,-32.211111,-70.814722,,,FM,,94.3,,REGIÓN DE VALPARAÍSO,,,,,,broadcast,,,,,,
XQB-407,AMOR CRISTIANA,VALPARAISO,,-33.066944,-71.610000,,,FM,,99.3,,REGIÓN DE VALPARAÍSO,,,,,,broadcast,,,,,,
XQB-196,VACACIONES,EL QUISCO,,-33.409722,-71.678056,,,FM,,97.5,,REGIÓN DE VALPARAÍSO,,,,,,broadcast,,,,,,
XQB-361,CARNAVAL,EL QUISCO,,-33.445556,-71.642500,,,FM,,95.7,,REGIÓN DE VALPARAÍSO,,,,,,broadcast,,,,,,
XQB-194,LA CALERA,CALERA,,-32.809444,-71.191111,,,FM,,105.5,,REGIÓN DE VALPARAÍSO,,,,,,broadcast,,,,,,
XQB-329,CARNAVAL,CALERA,,-32.814444,-71.193889,,,FM,,91.9,,REGIÓN DE VALPARAÍSO,,,,,,broadcast,,,,,,
XQB-207,HIT 40,ISLA DE PASCUA,,-27.147500,-109.429722,,,FM,,88.3,,REGIÓN DE VALPARAÍSO,,,,,,broadcast,,,,,,
XQB-297,ADN RADIO,ISLA DE PASCUA,,-27.147500,-109.429722,,,FM,,104.3,,REGIÓN DE VALPARAÍSO,,,,,,broadcast,,,,,,
XQB-388,POSITIVA,CALERA,,-32.810000,-71.191667,,,FM,,90.5,,REGIÓN DE VALPARAÍSO,,,,,,broadcast,,,,,,
XQB-040,CRYSTAL,LA LIGUA,,-32.390000,-71.238333,,,FM,,105.3,,REGIÓN DE VALPARAÍSO,,,,,,broadcast,,,,,,
XQB-097,ARMONIA,LA LIGUA,,-32.389167,-71.238889,,,FM,,93.5,,REGIÓN DE VALPARAÍSO,,,,,,broadcast,,,,,,
XQB-206,AMOR,LA LIGUA,,-32.389444,-71.239167,,,FM,,90.9,,REGIÓN DE VALPARAÍSO,,,,,,broadcast,,,,,,
XQB-234,CARNAVAL,LA LIGUA,,-32.389444,-71.239167,,,FM,,100.7,,REGIÓN DE VALPARAÍSO,,,,,,broadcast,,,,,,
XQB-238,ANTONIA,LA LIGUA,,-32.389444,-71.239167,,,FM,,92.3,,REGIÓN DE VALPARAÍSO,,,,,,broadcast,,,,,,
XQB-255,CARNAVAL,LA LIGUA,,-32.389444,-71.239167,,,FM,,92.9,,REGIÓN DE VALPARAÍSO,,,,,,broadcast,,,,,,
XQB-363,DIGITAL FM2,LA LIGUA,,-32.389444,-71.239167,,,FM,,93.9,,REGIÓN DE VALPARAÍSO,,,,,,broadcast,,,,,,
XQB-367,ESTILO,LA LIGUA,,-32.389167,-71.239167,,,FM,,90.1,,REGIÓN DE VALPARAÍSO,,,,,,broadcast,,,,,,
XQB-377,DULCE,LA LIGUA,,-32.389444,-71.239167,,,FM,,95.3,,REGIÓN DE VALPARAÍSO,,,,,,broadcast,,,,,,
XQD-401A,ARMONIA,EL TABO,,-33.491111,-71.622500,,,FM,,99.5,,REGIÓN DE VALPARAÍSO,,,,,,broadcast,,,,,,
XQB-068,88.7 FM,LIMACHE,,-32.943611,-71.347500,,,FM,,88.7,,REGIÓN DE VALPARAÍSO,,,,,,broadcast,,,,,,
XQB-122,LATINA,LIMACHE,,-33.026667,-71.236667,,,FM,,98.5,,REGIÓN DE VALPARAÍSO,,,,,,broadcast,,,,,,
XQB-132,SOMOS,LIMACHE,,-32.943611,-71.347500,,,FM,,91.5,,REGIÓN DE VALPARAÍSO,,,,,,broadcast,,,,,,
XQB-172,ILUSION,LLAILLAY,,-32.820000,-70.946667,,,FM,,94.5,,REGIÓN DE VALPARAÍSO,,,,,,broadcast,,,,,,
XQB-399,AZUCAR,LLAILLAY,,-32.853611,-70.992500,,,FM,,96.3,,REGIÓN DE VALPARAÍSO,,,,,,broadcast,,,,,,
XQB-434,DULCE,LLAILLAY,,-32.850833,-70.995833,,,FM,,101.9,,REGIÓN DE VALPARAÍSO,,,,,,broadcast,,,,,,
CB-152,INTEGRACION,SAN ANTONIO,,-33.555833,-71.601389,,,AM,,1520,,REGIÓN DE VALPARAÍSO,,,,,,broadcast,,,,,,
XQB-138,EL CONQUISTADOR,CARTAGENA,,-33.550278,-71.573889,,,FM,,98.3,,REGIÓN DE VALPARAÍSO,,,,,,broadcast,,,,,,
CB-150,TRASANDINA,SAN ESTEBAN,,-32.811389,-70.615556,,,AM,,1500,,REGIÓN DE VALPARAÍSO,,,,,,broadcast,,,,,,
XQB-054,SUPERANDINA,LOS ANDES,,-32.833611,-70.587778,,,FM,,88.5,,REGIÓN DE VALPARAÍSO,,,,,,broadcast,,,,,,
XQB-056,PUDAHUEL,SAN ESTEBAN,,-32.821667,-70.576944,,,FM,,90.1,,REGIÓN DE VALPARAÍSO,,,,,,broadcast,,,,,,
XQB-098,CONTEMPORANEA,CALLE LARGA,,-32.930000,-70.650000,,,FM,,97.5,,REGIÓN DE VALPARAÍSO,,,,,,broadcast,,,,,,
XQB-105,AMIGA,LOS ANDES,,-32.834722,-70.587778,,,FM,,95.7,,REGIÓN DE VALPARAÍSO,,,,,,broadcast,,,,,,
XQB-106,FM OK,CALLE LARGA,,-32.929167,-70.650556,,,FM,,101.3,,REGIÓN DE VALPARAÍSO,,,,,,broadcast,,,,,,
XQB-116,BUENA ONDA FM,LOS ANDES,,-32.831111,-70.593333,,,FM,,99.5,,REGIÓN DE VALPARAÍSO,,,,,,broadcast,,,,,,
XQB-223,BIO-BIO,CALLE LARGA,,-32.933889,-70.652778,,,FM,,103.5,,REGIÓN DE VALPARAÍSO,,,,,,broadcast,,,,,,
XQB-279,COOPERATIVA,LOS VILOS,,-32.158611,-71.492222,,,FM,,90.5,,REGIÓN DE VALPARAÍSO,,,,,,broadcast,,,,,,
XQB-365,GALAXIA,LOS VILOS,,-32.158611,-71.492222,,,FM,,99.5,,REGIÓN DE VALPARAÍSO,,,,,,broadcast,,,,,,
XQB-197,RAUDAL,NOGALES,,-32.745556,-71.208889,,,FM,,97.1,,REGIÓN DE VALPARAÍSO,,,,,,broadcast,,,,,,
XQB-415,AZUCAR,NOGALES,,-32.718611,-71.182222,,,FM,,102.3,,REGIÓN DE VALPARAÍSO,,,,,,broadcast,,,,,,
XQB-254,CAROLINA,PAPUDO,,-32.515556,-71.455833,,,FM,,96.3,,REGIÓN DE VALPARAÍSO,,,,,,broadcast,,,,,,
XQB-328,CRISTAL,PETORCA,,-32.250000,-70.945833,,,FM,,102.3,,REGIÓN DE VALPARAÍSO,,,,,,broadcast,,,,,,
XQB-352,DULCE,PETORCA,,-32.319444,-70.993611,,,FM,,104.7,,REGIÓN DE VALPARAÍSO,,,,,,broadcast,,,,,,
XQB-398,MONTEALEGRE,PETORCA,,-32.323056,-70.992778,,,FM,,88.3,,REGIÓN DE VALPARAÍSO,,,,,,broadcast,,,,,,
XQB-411,MONTEALEGRE,PETORCA,,-32.323056,-70.992778,,,FM,,99.1,,REGIÓN DE VALPARAÍSO,,,,,,broadcast,,,,,,
XQB-382,VIDA,PUTAENDO,,-32.611944,-70.708056,,,FM,,96.5,,REGIÓN DE VALPARAÍSO,,,,,,broadcast,,,,,,
CB-153,NEXXO,LA CRUZ,,-32.827500,-71.203056,,,AM,,1530,,REGIÓN DE VALPARAÍSO,,,,,,broadcast,,,,,,
XQB-060,LIBRA,CALERA,,-32.804167,-71.189444,,,FM,,104.7,,REGIÓN DE VALPARAÍSO,,,,,,broadcast,,,,,,
XQB-101,CRYSTAL,CALERA,,-32.811667,-71.194722,,,FM,,89.1,,REGIÓN DE VALPARAÍSO,,,,,,broadcast,,,,,,
XQB-135,QUILLOTA,CALERA,,-32.809444,-71.191111,,,FM,,101.5,,REGIÓN DE VALPARAÍSO,,,,,,broadcast,,,,,,
XQB-369,CARNAVAL,QUILLOTA,,-32.845556,-71.254722,,,FM,,92.7,,REGIÓN DE VALPARAÍSO,,,,,,broadcast,,,,,,
XQB-059,VALPARAISO,VIÑA DEL MAR,,-33.048611,-71.557778,,,FM,,102.5,,REGIÓN DE VALPARAÍSO,,,,,,broadcast,,,,,,
XQB-126,ARMONIA,VIÑA DEL MAR,,-33.048333,-71.561667,,,FM,,101.7,,REGIÓN DE VALPARAÍSO,,,,,,broadcast,,,,,,
XQB-127,FM DOS,VIÑA DEL MAR,,-33.038889,-71.566111,,,FM,,104.5,,REGIÓN DE VALPARAÍSO,,,,,,broadcast,,,,,,
XQB-158,PUNTO SIETE,VIÑA DEL MAR,,-33.039722,-71.563611,,,FM,,100.1,,REGIÓN DE VALPARAÍSO,,,,,,broadcast,,,,,,
XQB-136,BIO-BIO,VALPARAISO,,-33.072500,-71.622778,,,FM,,94.5,,REGIÓN DE VALPARAÍSO,,,,,,broadcast,,,,,,
XQB-408,RAUDAL FM,SAN FELIPE,,-32.789722,-70.715000,,,FM,,93.9,,REGIÓN DE VALPARAÍSO,,,,,,broadcast,,,,,,
CB-147,SARGENTO ALDEA,SAN ANTONIO,,-33.552778,-71.567778,,,AM,,1470,,REGIÓN DE VALPARAÍSO,,,,,,broadcast,,,,,,
XQB-047,DISNEY,CARTAGENA,,-33.559444,-71.603333,,,FM,,90.9,,REGIÓN DE VALPARAÍSO,,,,,,broadcast,,,,,,
XQB-070,VACACIONES,SAN ANTONIO,,-33.561111,-71.605556,,,FM,,100.3,,REGIÓN DE VALPARAÍSO,,,,,,broadcast,,,,,,
XQB-139,OASIS,SAN ANTONIO,,-33.561111,-71.605556,,,FM,,99.1,,REGIÓN DE VALPARAÍSO,,,,,,broadcast,,,,,,
XQB-141,LA BRUJA,SAN ANTONIO,,-33.559444,-71.603333,,,FM,,104.9,,REGIÓN DE VALPARAÍSO,,,,,,broadcast,,,,,,
XQB-142,NUEVA ONDA,SAN ANTONIO,,-33.621667,-71.596389,,,FM,,101.9,,REGIÓN DE VALPARAÍSO,,,,,,broadcast,,,,,,
XQB-151,PARA TI,CARTAGENA,,-33.544722,-71.570278,,,FM,,92.3,,REGIÓN DE VALPARAÍSO,,,,,,broadcast,,,,,,
XQB-160,COOPERATIVA,SAN ANTONIO,,-33.572222,-71.615278,,,FM,,93.3,,REGIÓN DE VALPARAÍSO,,,,,,broadcast,,,,,,
XQB-191,INFINITA,CARTAGENA,,-33.559444,-71.603333,,,FM,,104.3,,REGIÓN DE VALPARAÍSO,,,,,,broadcast,,,,,,
XQB-299,ARMONIA,SAN ANTONIO,,-33.626111,-71.596667,,,FM,,93.9,,REGIÓN DE VALPARAÍSO,,,,,,broadcast,,,,,,
XQB-368,NUEVO MUNDO,CARTAGENA,,-33.556111,-71.602222,,,FM,,92.9,,REGIÓN DE VALPARAÍSO,,,,,,broadcast,,,,,,
XQB-362,CARNAVAL,SAN ANTONIO,,-33.556111,-71.602222,,,FM,,90.5,,REGIÓN DE VALPARAÍSO,,,,,,broadcast,,,,,,
CB-159,ACONCAGUA,SAN FELIPE,,-32.733333,-70.724167,,,AM,,1590,,REGIÓN DE VALPARAÍSO,,,,,,broadcast,,,,,,
XQB-055,ACONCAGUA FM,SAN FELIPE,,-32.702500,-70.731111,,,FM,,91.7,,REGIÓN DE VALPARAÍSO,,,,,,broadcast,,,,,,
XQB-061,FM DOS,SAN ESTEBAN,,-32.832778,-70.569167,,,FM,,89.3,,REGIÓN DE VALPARAÍSO,,,,,,broadcast,,,,,,
XQB-090,ADN RADIO,SAN ESTEBAN,,-32.832778,-70.569167,,,FM,,96.9,,REGIÓN DE VALPARAÍSO,,,,,,broadcast,,,,,,
XQB-103,COOPERATIVA,SAN FELIPE,,-32.759444,-70.648056,,,FM,,93.3,,REGIÓN DE VALPARAÍSO,,,,,,broadcast,,,,,,
XQB-104,CORPORACION,SAN FELIPE,,-32.702500,-70.731111,,,FM,,96.1,,REGIÓN DE VALPARAÍSO,,,,,,broadcast,,,,,,
XQB-113,ENCUENTRO,SAN FELIPE,,-32.756944,-70.646389,,,FM,,105.7,,REGIÓN DE VALPARAÍSO,,,,,,broadcast,,,,,,
XQB-115,INICIA RADIO,SAN FELIPE,,-32.723611,-70.741667,,,FM,,92.7,,REGIÓN DE VALPARAÍSO,,,,,,broadcast,,,,,,
XQB-117,FM PLUS,PUTAENDO,,-32.710278,-70.737222,,,FM,,102.3,,REGIÓN DE VALPARAÍSO,,,,,,broadcast,,,,,,
XQB-137,CARNAVAL,SAN FELIPE,,-32.764722,-70.767222,,,FM,,98.3,,REGIÓN DE VALPARAÍSO,,,,,,broadcast,,,,,,
XQB-152,CRYSTAL,PUTAENDO,,-32.706389,-70.735000,,,FM,,106.5,,REGIÓN DE VALPARAÍSO,,,,,,broadcast,,,,,,
XQB-205,MONTECARLO,SAN FELIPE,,-32.764722,-70.767222,,,FM,,95.1,,REGIÓN DE VALPARAÍSO,,,,,,broadcast,,,,,,
XQB-298,ARMONIA,SAN FELIPE,,-32.709722,-70.739167,,,FM,,99.1,,REGIÓN DE VALPARAÍSO,,,,,,broadcast,,,,,,
XQB-356,EL CONQUISTADOR,PANQUEHUE,,-32.770000,-70.763333,,,FM,,102.7,,REGIÓN DE VALPARAÍSO,,,,,,broadcast,,,,,,
XQB-359,NUEVO MUNDO,PANQUEHUE,,-32.768611,-70.768889,,,FM,,103.1,,REGIÓN DE VALPARAÍSO,,,,,,broadcast,,,,,,
XQB-373,POSITIVA,SAN FELIPE,,-32.709722,-70.738889,,,FM,,90.7,,REGIÓN DE VALPARAÍSO,,,,,,broadcast,,,,,,
XQB-380,PRELUDIO,SAN FELIPE,,-32.709722,-70.738889,,,FM,,100.9,,REGIÓN DE VALPARAÍSO,,,,,,broadcast,,,,,,
XQB-131,CORAZON,SAN ANTONIO,,-33.561111,-71.605556,,,FM,,94.3,,REGIÓN DE VALPARAÍSO,,,,,,broadcast,,,,,,
XQB-248,ROMANTICA,SAN ANTONIO,,-33.559444,-71.603333,,,FM,,89.7,,REGIÓN DE VALPARAÍSO,,,,,,broadcast,,,,,,
CB-063,STELLA MARIS,VALPARAISO,,-33.069722,-71.622222,,,AM,,630,,REGIÓN DE VALPARAÍSO,,,,,,broadcast,,,,,,
CB-073,COOPERATIVA,VALPARAISO,,-33.071944,-71.622778,,,AM,,730,,REGIÓN DE VALPARAÍSO,,,,,,broadcast,,,,,,
CB-084,PORTALES DE VALPARAISO,VALPARAISO,,-33.078333,-71.615556,,,AM,,840,,REGIÓN DE VALPARAÍSO,,,,,,broadcast,,,,,,
CB-090,CABLE NOTICIAS,VALPARAISO,,-33.069722,-71.622222,,,AM,,900,,REGIÓN DE VALPARAÍSO,,,,,,broadcast,,,,,,
CB-098,AGRICULTURA,VALPARAISO,,-33.057778,-71.634167,,,AM,,980,,REGIÓN DE VALPARAÍSO,,,,,,broadcast,,,,,,
CB-131,NACIONAL DE CHILE,VALPARAISO,,-33.062222,-71.606667,,,AM,,1310,,REGIÓN DE VALPARAÍSO,,,,,,broadcast,,,,,,
CB-134,CARACOLA,VIÑA DEL MAR,,-32.992500,-71.520833,,,AM,,1340,,REGIÓN DE VALPARAÍSO,,,,,,broadcast,,,,,,
CB-141,SALUD,VALPARAISO,,-33.063056,-71.607778,,,AM,,1410,,REGIÓN DE VALPARAÍSO,,,,,,broadcast,,,,,,
CB-145,UNIVERSIDAD SANTA MARIA,VIÑA DEL MAR,,-33.032500,-71.485278,,,AM,,1450,,REGIÓN DE VALPARAÍSO,,,,,,broadcast,,,,,,
XQB-003,VALENTIN LETELIER,VALPARAISO,,-33.064167,-71.626944,,,FM,,97.3,,REGIÓN DE VALPARAÍSO,,,,,,broadcast,,,,,,
XQB-009,DIGITAL FM,VIÑA DEL MAR,,-33.049167,-71.561389,,,FM,,94.9,,REGIÓN DE VALPARAÍSO,,,,,,broadcast,,,,,,
XQB-018,CAROLINA DE VIÑA DEL MAR,VIÑA DEL MAR,,-33.040556,-71.561944,,,FM,,98.9,,REGIÓN DE VALPARAÍSO,,,,,,broadcast,,,,,,
XQB-037,UNIVERSIDAD SANTA MARIA,VIÑA DEL MAR,,-33.035556,-71.567222,,,FM,,99.7,,REGIÓN DE VALPARAÍSO,,,,,,broadcast,,,,,,
XQB-041,CARNAVAL,VIÑA DEL MAR,,-33.039167,-71.565556,,,FM,,98.1,,REGIÓN DE VALPARAÍSO,,,,,,broadcast,,,,,,
XQB-046,AGRICULTURA,VALPARAISO,,-33.061667,-71.636389,,,FM,,92.5,,REGIÓN DE VALPARAÍSO,,,,,,broadcast,,,,,,
XQB-049,PUDAHUEL,VALPARAISO,,-33.045000,-71.645000,,,FM,,105.7,,REGIÓN DE VALPARAÍSO,,,,,,broadcast,,,,,,
XQB-050,ROCK & POP,VIÑA DEL MAR,,-33.048333,-71.578333,,,FM,,93.1,,REGIÓN DE VALPARAÍSO,,,,,,broadcast,,,,,,
XQB-077,CONGRESO,VALPARAISO,,-33.040833,-71.647222,,,FM,,105.1,,REGIÓN DE VALPARAÍSO,,,,,,broadcast,,,,,,
XQB-081,UCV RADIO,VIÑA DEL MAR,,-33.035556,-71.567222,,,FM,,103.5,,REGIÓN DE VALPARAÍSO,,,,,,broadcast,,,,,,
XQB-370,COOPERATIVA,VALPARAISO,,-33.068056,-71.620556,,,FM,,88.1,,REGIÓN DE VALPARAÍSO,,,,,,broadcast,,,,,,
XQB-069,CARNAVAL,VIÑA DEL MAR,,-33.039722,-71.565556,,,FM,,89.9,,REGIÓN DE VALPARAÍSO,,,,,,broadcast,,,,,,
XQB-078,ROMANCE,VIÑA DEL MAR,,-33.048056,-71.555278,,,FM,,88.9,,REGIÓN DE VALPARAÍSO,,,,,,broadcast,,,,,,
XQB-100,ENFASIS,VILLA ALEMANA,,-33.046944,-71.375000,,,FM,,95.5,,REGIÓN DE VALPARAÍSO,,,,,,broadcast,,,,,,
CB-110,RED RADIOFUSION BIBLICA,VIÑA DEL MAR,,-33.013611,-71.493056,,,AM,,1100,,REGIÓN DE VALPARAÍSO,,,,,,broadcast,,,,,,
CB-121,VALPARAISO,VALPARAISO,,-33.069722,-71.622222,,,AM,,1210,,REGIÓN DE VALPARAÍSO,,,,,,broadcast,,,,,,
CB-160A,ESTILO,VALPARAISO,,-33.071944,-71.622778,,,AM,,1600,,REGIÓN DE VALPARAÍSO,,,,,,broadcast,,,,,,
XQB-011,ADN RADIO,VIÑA DEL MAR,,-33.044444,-71.559444,,,FM,,94.1,,REGIÓN DE VALPARAÍSO,,,,,,broadcast,,,,,,
XQB-017,PAUTA,VIÑA DEL MAR,,-33.044167,-71.566389,,,FM,,96.7,,REGIÓN DE VALPARAÍSO,,,,,,broadcast,,,,,,
XQB-019,CORAZON,VIÑA DEL MAR,,-33.044444,-71.559444,,,FM,,100.5,,REGIÓN DE VALPARAÍSO,,,,,,broadcast,,,,,,
XQB-020,HIT 40,VIÑA DEL MAR,,-33.038889,-71.566111,,,FM,,91.7,,REGIÓN DE VALPARAÍSO,,,,,,broadcast,,,,,,
XQB-033,DUNA,VIÑA DEL MAR,,-33.043333,-71.561944,,,FM,,104.1,,REGIÓN DE VALPARAÍSO,,,,,,broadcast,,,,,,
XQB-042,EL CONQUISTADOR,VIÑA DEL MAR,,-33.046667,-71.555556,,,FM,,102.9,,REGIÓN DE VALPARAÍSO,,,,,,broadcast,,,,,,
XQB-048,ZERO,VIÑA DEL MAR,,-33.039722,-71.563611,,,FM,,102.1,,REGIÓN DE VALPARAÍSO,,,,,,broadcast,,,,,,
XQB-084,PARA TI,VIÑA DEL MAR,,-33.046667,-71.555556,,,FM,,95.9,,REGIÓN DE VALPARAÍSO,,,,,,broadcast,,,,,,
XQB-092,TIEMPO,VIÑA DEL MAR,,-33.040000,-71.564722,,,FM,,92.1,,REGIÓN DE VALPARAÍSO,,,,,,broadcast,,,,,,
XQB-102,HORIZONTE,VIÑA DEL MAR,,-33.039722,-71.565556,,,FM,,101.1,,REGIÓN DE VALPARAÍSO,,,,,,broadcast,,,,,,
XQB-156,ROMANTICA,VIÑA DEL MAR,,-33.043889,-71.566944,,,FM,,90.7,,REGIÓN DE VALPARAÍSO,,,,,,broadcast,,,,,,
XQB-354,IMAGINA,VIÑA DEL MAR,,-33.038889,-71.566111,,,FM,,90.3,,REGIÓN DE VALPARAÍSO,,,,,,broadcast,,,,,,
XQB-410,FESTIVAL,VIÑA DEL MAR,,-33.014444,-71.491667,,,FM,,93.7,,REGIÓN DE VALPARAÍSO,,,,,,broadcast,,,,,,
XQB-439,AMOR,VALPARAISO,,-33.066944,-71.610000,,,FM,,88.5,,REGIÓN DE VALPARAÍSO,,,,,,broadcast,,,,,,
XQB-276,RUTAS FM,SAN JOSE DE MAIPO,,-33.822778,-70.056111,,,FM,,96.9,,REGIÓN METROPOLITANA DE SANTIAGO,,,,,,broadcast,,,,,,
XQB-062,CALIPSO,SAN BERNARDO,,-33.595833,-70.730278,,,FM,,90.1,,REGIÓN METROPOLITANA DE SANTIAGO,,,,,,broadcast,,,,,,
XQB-372,AMANDA FM,BUIN,,-33.712500,-70.688889,,,FM,,94.9,,REGIÓN METROPOLITANA DE SANTIAGO,,,,,,broadcast,,,,,,
XQB-193,CUMBRE,COLINA,,-33.170000,-70.651667,,,FM,,90.9,,REGIÓN METROPOLITANA DE SANTIAGO,,,,,,broadcast,,,,,,
XQB-199,ACUARELA,CURACAVI,,-33.404444,-71.131111,,,FM,,90.3,,REGIÓN METROPOLITANA DE SANTIAGO,,,,,,broadcast,,,,,,
XQB-208,BIO-BIO,CURACAVI,,-33.421111,-71.126944,,,FM,,95.1,,REGIÓN METROPOLITANA DE SANTIAGO,,,,,,broadcast,,,,,,
XQB-277,RUTAS FM,SAN JOSE DE MAIPO,,-33.811944,-70.172778,,,FM,,98.1,,REGIÓN METROPOLITANA DE SANTIAGO,,,,,,broadcast,,,,,,
XQB-393,CARAMELO,PAINE,,-33.852222,-70.878333,,,FM,,103.7,,REGIÓN METROPOLITANA DE SANTIAGO,,,,,,broadcast,,,,,,
CB-054,IGNACIO SERRANO,MELIPILLA,,-33.659722,-71.255278,,,AM,,540,,REGIÓN METROPOLITANA DE SANTIAGO,,,,,,broadcast,,,,,,
XQB-038,CARICIA,MELIPILLA,,-33.699167,-71.233889,,,FM,,102.3,,REGIÓN METROPOLITANA DE SANTIAGO,,,,,,broadcast,,,,,,
XQB-082,CREATIVA,MELIPILLA,,-33.682500,-71.211111,,,FM,,95.5,,REGIÓN METROPOLITANA DE SANTIAGO,,,,,,broadcast,,,,,,
XQB-209,ARMONIA,MELIPILLA,,-33.696111,-71.231111,,,FM,,103.5,,REGIÓN METROPOLITANA DE SANTIAGO,,,,,,broadcast,,,,,,
XQB-378,BIO-BIO,MELIPILLA,,-33.696111,-71.231111,,,FM,,89.9,,REGIÓN METROPOLITANA DE SANTIAGO,,,,,,broadcast,,,,,,
XQB-301,ESTILO,MELIPILLA,,-33.702778,-71.232500,,,FM,,100.7,,REGIÓN METROPOLITANA DE SANTIAGO,,,,,,broadcast,,,,,,
XQB-391,RADIO DEL MAIPO,MELIPILLA,,-33.655833,-71.142222,,,FM,,96.9,,REGIÓN METROPOLITANA DE SANTIAGO,,,,,,broadcast,,,,,,
XQB-416,AZUCAR,MELIPILLA,,-33.627500,-71.261944,,,FM,,97.3,,REGIÓN METROPOLITANA DE SANTIAGO,,,,,,broadcast,,,,,,
CB-149,EL CANELO,QUILICURA,,-33.334167,-70.746111,,,AM,,1490,,REGIÓN METROPOLITANA DE SANTIAGO,,,,,,broadcast,,,,,,
XQB-278,RUTAS FM,SAN JOSE DE MAIPO,,-33.778333,-70.240556,,,FM,,94.9,,REGIÓN METROPOLITANA DE SANTIAGO,,,,,,broadcast,,,,,,
XQB-296,ESTILO,SAN JOSE DE MAIPO,,-33.581389,-70.383333,,,FM,,94.9,,REGIÓN METROPOLITANA DE SANTIAGO,,,,,,broadcast,,,,,,
XQB-326,AMANDA FM,SAN JOSE DE MAIPO,,-33.636111,-70.337500,,,FM,,89.9,,REGIÓN METROPOLITANA DE SANTIAGO,,,,,,broadcast,,,,,,
CB-057,RADIO SALUD,CALERA DE TANGO,,-33.579444,-70.798889,,,AM,,570,,REGIÓN METROPOLITANA DE SANTIAGO,,,,,,broadcast,,,,,,
CB-066,CHILENA,QUILICURA,,-33.330278,-70.743889,,,AM,,660,,REGIÓN METROPOLITANA DE SANTIAGO,,,,,,broadcast,,,,,,
CB-069,SANTIAGO,LA FLORIDA,,-33.514722,-70.546667,,,AM,,690,,REGIÓN METROPOLITANA DE SANTIAGO,,,,,,broadcast,,,,,,
CB-076,COOPERATIVA,QUILICURA,,-33.336111,-70.742778,,,AM,,760,,REGIÓN METROPOLITANA DE SANTIAGO,,,,,,broadcast,,,,,,
CB-088,COLO COLO,QUILICURA,,-33.334167,-70.746111,,,AM,,880,,REGIÓN METROPOLITANA DE SANTIAGO,,,,,,broadcast,,,,,,
CB-093,NUEVO MUNDO,QUILICURA,,-33.327778,-70.744444,,,AM,,930,,REGIÓN METROPOLITANA DE SANTIAGO,,,,,,broadcast,,,,,,
CB-096,CARRERA,LA PINTANA,,-33.585556,-70.656389,,,AM,,960,,REGIÓN METROPOLITANA DE SANTIAGO,,,,,,broadcast,,,,,,
CB-100,RED RADIOFUSION BIBLICA,PUDAHUEL,,-33.401667,-70.869167,,,AM,,1000,,REGIÓN METROPOLITANA DE SANTIAGO,,,,,,broadcast,,,,,,
CB-114,NACIONAL DE CHILE,QUILICURA,,-33.358333,-70.691667,,,AM,,1140,,REGIÓN METROPOLITANA DE SANTIAGO,,,,,,broadcast,,,,,,
CB-118,PORTALES,CALERA DE TANGO,,-33.439167,-70.802778,,,AM,,1180,,REGIÓN METROPOLITANA DE SANTIAGO,,,,,,broadcast,,,,,,
CB-124,UNIVERSIDAD DE SANTIAGO,LA PINTANA,,-33.585833,-70.654167,,,AM,,1240,,REGIÓN METROPOLITANA DE SANTIAGO,,,,,,broadcast,,,,,,
CB-133,LA PERLA DEL DIAL,PUDAHUEL,,-33.401944,-70.868611,,,AM,,1330,,REGIÓN METROPOLITANA DE SANTIAGO,,,,,,broadcast,,,,,,
CB-138,CORPORACION,CALERA DE TANGO,,-33.605833,-70.802778,,,AM,,1380,,REGIÓN METROPOLITANA DE SANTIAGO,,,,,,broadcast,,,,,,
CB-142,PANAMERICANA,MAIPU,,-33.466667,-70.759722,,,AM,,1420,,REGIÓN METROPOLITANA DE SANTIAGO,,,,,,broadcast,,,,,,
CB-146,PALABRA VIVA,LA FLORIDA,,-33.514722,-70.546667,,,AM,,1460,,REGIÓN METROPOLITANA DE SANTIAGO,,,,,,broadcast,,,,,,
CB-160,UNIVERSIDAD ADVENTISTA,LA REINA,,-33.442222,-70.513333,,,AM,,1600,,REGIÓN METROPOLITANA DE SANTIAGO,,,,,,broadcast,,,,,,
XQB-001,IMAGINA,PROVIDENCIA,,-33.425000,-70.632778,,,FM,,88.1,,REGIÓN METROPOLITANA DE SANTIAGO,,,,,,broadcast,,,,,,
XQB-002,TIEMPO,PROVIDENCIA,,-33.420556,-70.631111,,,FM,,95.9,,REGIÓN METROPOLITANA DE SANTIAGO,,,,,,broadcast,,,,,,
XQB-004,EL CONQUISTADOR,PROVIDENCIA,,-33.421111,-70.630556,,,FM,,91.3,,REGIÓN METROPOLITANA DE SANTIAGO,,,,,,broadcast,,,,,,
XQB-005,INFINITA,PROVIDENCIA,,-33.420556,-70.631111,,,FM,,100.1,,REGIÓN METROPOLITANA DE SANTIAGO,,,,,,broadcast,,,,,,
XQB-006,UNIVERSIDAD DE SANTIAGO,PROVIDENCIA,,-33.421944,-70.631944,,,FM,,94.5,,REGIÓN METROPOLITANA DE SANTIAGO,,,,,,broadcast,,,,,,
XQB-007,FUTURO,PROVIDENCIA,,-33.416111,-70.626944,,,FM,,88.9,,REGIÓN METROPOLITANA DE SANTIAGO,,,,,,broadcast,,,,,,
XQB-008,AGRICULTURA,SANTIAGO,,-33.420000,-70.629167,,,FM,,92.1,,REGIÓN METROPOLITANA DE SANTIAGO,,,,,,broadcast,,,,,,
XQB-012,FM DOS,LA REINA,,-33.453056,-70.503333,,,FM,,98.5,,REGIÓN METROPOLITANA DE SANTIAGO,,,,,,broadcast,,,,,,
XQB-014,DISNEY,SANTIAGO,,-33.425000,-70.632778,,,FM,,95.3,,REGIÓN METROPOLITANA DE SANTIAGO,,,,,,broadcast,,,,,,
XQB-015,DUNA,SANTIAGO,,-33.417500,-70.629167,,,FM,,89.7,,REGIÓN METROPOLITANA DE SANTIAGO,,,,,,broadcast,,,,,,
XQB-016,RADIO UNO,PROVIDENCIA,,-33.425000,-70.632778,,,FM,,97.1,,REGIÓN METROPOLITANA DE SANTIAGO,,,,,,broadcast,,,,,,
XQB-021,CAROLINA,SANTIAGO,,-33.417778,-70.629444,,,FM,,99.3,,REGIÓN METROPOLITANA DE SANTIAGO,,,,,,broadcast,,,,,,
XQB-024,PUDAHUEL,LA REINA,,-33.453056,-70.503333,,,FM,,90.5,,REGIÓN METROPOLITANA DE SANTIAGO,,,,,,broadcast,,,,,,
XQB-025,LA CLAVE,RECOLETA,,-33.418889,-70.630000,,,FM,,92.9,,REGIÓN METROPOLITANA DE SANTIAGO,,,,,,broadcast,,,,,,
XQB-031,HIT 40,PROVIDENCIA,,-33.421111,-70.630556,,,FM,,101.7,,REGIÓN METROPOLITANA DE SANTIAGO,,,,,,broadcast,,,,,,
XQB-032,UNIVERSIDAD DE CHILE,RECOLETA,,-33.421111,-70.630556,,,FM,,102.5,,REGIÓN METROPOLITANA DE SANTIAGO,,,,,,broadcast,,,,,,
XQB-039,PLAY,RECOLETA,,-33.420556,-70.630556,,,FM,,100.9,,REGIÓN METROPOLITANA DE SANTIAGO,,,,,,broadcast,,,,,,
XQB-043,SONAR,PROVIDENCIA,,-33.420556,-70.630556,,,FM,,105.3,,REGIÓN METROPOLITANA DE SANTIAGO,,,,,,broadcast,,,,,,
XQB-044,TELE13 RADIO,RECOLETA,,-33.420556,-70.630556,,,FM,,103.3,,REGIÓN METROPOLITANA DE SANTIAGO,,,,,,broadcast,,,,,,
XQB-045,PAUTA,SANTIAGO,,-33.417778,-70.629444,,,FM,,100.5,,REGIÓN METROPOLITANA DE SANTIAGO,,,,,,broadcast,,,,,,
XQB-051,INICIA RADIO,PROVIDENCIA,,-33.418611,-70.629722,,,FM,,96.5,,REGIÓN METROPOLITANA DE SANTIAGO,,,,,,broadcast,,,,,,
XQB-052,UNIVERSO,PROVIDENCIA,,-33.416667,-70.628889,,,FM,,93.7,,REGIÓN METROPOLITANA DE SANTIAGO,,,,,,broadcast,,,,,,
XQB-053,ZERO,PROVIDENCIA,,-33.420833,-70.597222,,,FM,,97.7,,REGIÓN METROPOLITANA DE SANTIAGO,,,,,,broadcast,,,,,,
XQB-058,ADN RADIO,PROVIDENCIA,,-33.425000,-70.632778,,,FM,,91.7,,REGIÓN METROPOLITANA DE SANTIAGO,,,,,,broadcast,,,,,,
XQB-067,FM PLUS,SANTIAGO,,-33.421667,-70.631667,,,FM,,104.9,,REGIÓN METROPOLITANA DE SANTIAGO,,,,,,broadcast,,,,,,
XQB-076,CORAZON,PROVIDENCIA,,-33.421111,-70.630556,,,FM,,101.3,,REGIÓN METROPOLITANA DE SANTIAGO,,,,,,broadcast,,,,,,
XQB-087,RADIO ACTIVA,PROVIDENCIA,,-33.425000,-70.632778,,,FM,,92.5,,REGIÓN METROPOLITANA DE SANTIAGO,,,,,,broadcast,,,,,,
XQB-094,ROMANTICA,SANTIAGO,,-33.420556,-70.631111,,,FM,,104.1,,REGIÓN METROPOLITANA DE SANTIAGO,,,,,,broadcast,,,,,,
XQB-109,CONCIERTO,PROVIDENCIA,,-33.425000,-70.632778,,,FM,,88.5,,REGIÓN METROPOLITANA DE SANTIAGO,,,,,,broadcast,,,,,,
XQB-110,ROCK & POP,PROVIDENCIA,,-33.421111,-70.630556,,,FM,,94.1,,REGIÓN METROPOLITANA DE SANTIAGO,,,,,,broadcast,,,,,,
XQB-111,ARMONIA,PROVIDENCIA,,-33.425000,-70.632778,,,FM,,104.5,,REGIÓN METROPOLITANA DE SANTIAGO,,,,,,broadcast,,,,,,
XQB-143,COOPERATIVA,PROVIDENCIA,,-33.421389,-70.631389,,,FM,,93.3,,REGIÓN METROPOLITANA DE SANTIAGO,,,,,,broadcast,,,,,,
XQB-148,BIO-BIO,SANTIAGO,,-33.422778,-70.632500,,,FM,,99.7,,REGIÓN METROPOLITANA DE SANTIAGO,,,,,,broadcast,,,,,,
XQB-150,MARIA,SANTIAGO,,-33.421389,-70.631389,,,FM,,89.3,,REGIÓN METROPOLITANA DE SANTIAGO,,,,,,broadcast,,,,,,
CB-103,PROGRESO,TALAGANTE,,-33.699722,-70.865833,,,AM,,1030,,REGIÓN METROPOLITANA DE SANTIAGO,,,,,,broadcast,,,,,,
CB-156,MANANTIAL AM,TALAGANTE,,-30.678056,-70.918056,,,AM,,1560,,REGIÓN METROPOLITANA DE SANTIAGO,,,,,,broadcast,,,,,,
XQB-071,CONTACTO,TALAGANTE,,-33.659444,-70.926667,,,FM,,103.9,,REGIÓN METROPOLITANA DE SANTIAGO,,,,,,broadcast,,,,,,
XQB-093,MANANTIAL FM,TALAGANTE,,-33.658333,-70.925833,,,FM,,102.9,,REGIÓN METROPOLITANA DE SANTIAGO,,,,,,broadcast,,,,,,
XQC-097,ARTESANIA,CHIMBARONGO,,-34.625000,-71.003611,,,FM,,100.5,,REGIÓN DEL LIBERTADOR GENERAL BERNARDO O'HIGGINS,,,,,,broadcast,,,,,,
XQC-113,EL CONQUISTADOR,CHIMBARONGO,,-34.627222,-71.006944,,,FM,,91.9,,REGIÓN DEL LIBERTADOR GENERAL BERNARDO O'HIGGINS,,,,,,broadcast,,,,,,
XQC-482,GENTE FM,COINCO,,-34.298056,-70.940000,,,FM,,94.5,,REGIÓN DEL LIBERTADOR GENERAL BERNARDO O'HIGGINS,,,,,,broadcast,,,,,,
XQC-513,NUEVO MUNDO,COINCO,,-34.298056,-70.940000,,,FM,,88.1,,REGIÓN DEL LIBERTADOR GENERAL BERNARDO O'HIGGINS,,,,,,broadcast,,,,,,
XQC-479,ALEGRIA,PICHIDEGUA,,-34.384444,-71.295556,,,FM,,94.9,,REGIÓN DEL LIBERTADOR GENERAL BERNARDO O'HIGGINS,,,,,,broadcast,,,,,,
XQC-078,AZUCAR,GRANEROS,,-34.021111,-70.736944,,,FM,,96.7,,REGIÓN DEL LIBERTADOR GENERAL BERNARDO O'HIGGINS,,,,,,broadcast,,,,,,
XQC-111,CONCIERTO,RANCAGUA,,-34.146389,-70.728056,,,FM,,98.9,,REGIÓN DEL LIBERTADOR GENERAL BERNARDO O'HIGGINS,,,,,,broadcast,,,,,,
XQC-171,PUNTO 9,GRANEROS,,-34.021111,-70.736944,,,FM,,105.9,,REGIÓN DEL LIBERTADOR GENERAL BERNARDO O'HIGGINS,,,,,,broadcast,,,,,,
XQC-314,RAPEL FM,LAS CABRAS,,-34.260000,-71.354722,,,FM,,102.3,,REGIÓN DEL LIBERTADOR GENERAL BERNARDO O'HIGGINS,,,,,,broadcast,,,,,,
XQC-347,ADN RADIO,LAS CABRAS,,-34.263611,-71.357778,,,FM,,101.5,,REGIÓN DEL LIBERTADOR GENERAL BERNARDO O'HIGGINS,,,,,,broadcast,,,,,,
XQC-364,RAPEL FM,LAS CABRAS,,-34.176944,-71.386389,,,FM,,104.1,,REGIÓN DEL LIBERTADOR GENERAL BERNARDO O'HIGGINS,,,,,,broadcast,,,,,,
XQC-403,AZUCAR FM,LAS CABRAS,,-34.176944,-71.386389,,,FM,,91.1,,REGIÓN DEL LIBERTADOR GENERAL BERNARDO O'HIGGINS,,,,,,broadcast,,,,,,
XQC-124,VANGUARDIA,PICHIDEGUA,,-34.384444,-71.295556,,,FM,,104.9,,REGIÓN DEL LIBERTADOR GENERAL BERNARDO O'HIGGINS,,,,,,broadcast,,,,,,
XQC-313,AZUCAR FM,PICHIDEGUA,,-34.384444,-71.295556,,,FM,,107.9,,REGIÓN DEL LIBERTADOR GENERAL BERNARDO O'HIGGINS,,,,,,broadcast,,,,,,
XQC-279,ROSARIO,LITUECHE,,-34.109444,-71.723889,,,FM,,92.7,,REGIÓN DEL LIBERTADOR GENERAL BERNARDO O'HIGGINS,,,,,,broadcast,,,,,,
XQC-466,EL CONQUISTADOR,LITUECHE,,-34.173889,-71.727222,,,FM,,89.5,,REGIÓN DEL LIBERTADOR GENERAL BERNARDO O'HIGGINS,,,,,,broadcast,,,,,,
XQC-643,AZUCAR,LITUECHE,,-34.133056,-71.703611,,,FM,,97.9,,REGIÓN DEL LIBERTADOR GENERAL BERNARDO O'HIGGINS,,,,,,broadcast,,,,,,
XQC-244,ALEGRIA,LOLOL,,-34.724444,-71.641667,,,FM,,104.7,,REGIÓN DEL LIBERTADOR GENERAL BERNARDO O'HIGGINS,,,,,,broadcast,,,,,,
XQC-565,RADIO TROPICAL LATINA,LOLOL,,-34.665000,-71.626944,,,FM,,90.1,,REGIÓN DEL LIBERTADOR GENERAL BERNARDO O'HIGGINS,,,,,,broadcast,,,,,,
XQC-180,MADRIGAL,NANCAGUA,,-34.645000,-71.196389,,,FM,,99.5,,REGIÓN DEL LIBERTADOR GENERAL BERNARDO O'HIGGINS,,,,,,broadcast,,,,,,
XQC-644,KARIBEÑA,NAVIDAD,,-33.959444,-71.847500,,,FM,,96.5,,REGIÓN DEL LIBERTADOR GENERAL BERNARDO O'HIGGINS,,,,,,broadcast,,,,,,
XQC-534,MAGIA LATINA,PAREDONES,,-34.641944,-71.913333,,,FM,,96.9,,REGIÓN DEL LIBERTADOR GENERAL BERNARDO O'HIGGINS,,,,,,broadcast,,,,,,
XQC-596,RADIO TROPICAL LATINA,PAREDONES,,-34.641667,-71.913611,,,FM,,89.1,,REGIÓN DEL LIBERTADOR GENERAL BERNARDO O'HIGGINS,,,,,,broadcast,,,,,,
XQC-358,MANIA,PERALILLO,,-34.476389,-71.469722,,,FM,,92.1,,REGIÓN DEL LIBERTADOR GENERAL BERNARDO O'HIGGINS,,,,,,broadcast,,,,,,
XQC-481,CARAMELO,COLTAUCO,,-34.370278,-71.158333,,,FM,,104.5,,REGIÓN DEL LIBERTADOR GENERAL BERNARDO O'HIGGINS,,,,,,broadcast,,,,,,
XQC-626,KARIBEÑA,SAN VICENTE,,-34.441389,-71.122500,,,FM,,92.3,,REGIÓN DEL LIBERTADOR GENERAL BERNARDO O'HIGGINS,,,,,,broadcast,,,,,,
XQC-283,LA CRUZ FM,PICHIDEGUA,,-34.384444,-71.295556,,,FM,,95.3,,REGIÓN DEL LIBERTADOR GENERAL BERNARDO O'HIGGINS,,,,,,broadcast,,,,,,
XQC-041,ATARDECER,PICHILEMU,,-34.362778,-71.856111,,,FM,,103.7,,REGIÓN DEL LIBERTADOR GENERAL BERNARDO O'HIGGINS,,,,,,broadcast,,,,,,
XQC-274,BIENVENIDA,PICHILEMU,,-34.355556,-71.861944,,,FM,,97.1,,REGIÓN DEL LIBERTADOR GENERAL BERNARDO O'HIGGINS,,,,,,broadcast,,,,,,
XQC-365,ISLA,PICHILEMU,,-34.334722,-71.870833,,,FM,,95.9,,REGIÓN DEL LIBERTADOR GENERAL BERNARDO O'HIGGINS,,,,,,broadcast,,,,,,
XQC-433,PUNTO 9,PICHILEMU,,-34.357222,-71.912500,,,FM,,102.9,,REGIÓN DEL LIBERTADOR GENERAL BERNARDO O'HIGGINS,,,,,,broadcast,,,,,,
XQC-459,PARA TI,PICHILEMU,,-34.395833,-72.008333,,,FM,,91.3,,REGIÓN DEL LIBERTADOR GENERAL BERNARDO O'HIGGINS,,,,,,broadcast,,,,,,
XQC-461,EL CONQUISTADOR,PICHILEMU,,-34.398056,-72.011111,,,FM,,94.5,,REGIÓN DEL LIBERTADOR GENERAL BERNARDO O'HIGGINS,,,,,,broadcast,,,,,,
XQC-519,SOMOS PICHILEMU,PICHILEMU,,-34.358056,-71.886667,,,FM,,106.7,,REGIÓN DEL LIBERTADOR GENERAL BERNARDO O'HIGGINS,,,,,,broadcast,,,,,,
XQC-530,CORPORACION,PICHILEMU,,-34.375278,-71.859167,,,FM,,97.7,,REGIÓN DEL LIBERTADOR GENERAL BERNARDO O'HIGGINS,,,,,,broadcast,,,,,,
XQC-625,ARMONIA,PICHILEMU,,-34.358056,-71.886667,,,FM,,105.9,,REGIÓN DEL LIBERTADOR GENERAL BERNARDO O'HIGGINS,,,,,,broadcast,,,,,,
XQC-638,RADIO TROPICAL LATINA,PICHILEMU,,-34.358056,-71.886667,,,FM,,106.3,,REGIÓN DEL LIBERTADOR GENERAL BERNARDO O'HIGGINS,,,,,,broadcast,,,,,,
CC-143,CHILENA,GRANEROS,,-34.058333,-70.720833,,,AM,,1430,,REGIÓN DEL LIBERTADOR GENERAL BERNARDO O'HIGGINS,,,,,,broadcast,,,,,,
CC-151,RANCAGUA,OLIVAR,,-34.195833,-70.760833,,,AM,,1510,,REGIÓN DEL LIBERTADOR GENERAL BERNARDO O'HIGGINS,,,,,,broadcast,,,,,,
CC-157,NIEBLA,OLIVAR,,-34.198056,-70.757222,,,AM,,1570,,REGIÓN DEL LIBERTADOR GENERAL BERNARDO O'HIGGINS,,,,,,broadcast,,,,,,
XQB-074,INFINITA,RANCAGUA,,-34.222500,-70.721667,,,FM,,95.7,,REGIÓN DEL LIBERTADOR GENERAL BERNARDO O'HIGGINS,,,,,,broadcast,,,,,,
XQC-006,CARNAVAL,REQUINOA,,-34.218611,-70.729444,,,FM,,89.9,,REGIÓN DEL LIBERTADOR GENERAL BERNARDO O'HIGGINS,,,,,,broadcast,,,,,,
XQC-039,PRIMORDIAL,RANCAGUA,,-34.166944,-70.741111,,,FM,,97.9,,REGIÓN DEL LIBERTADOR GENERAL BERNARDO O'HIGGINS,,,,,,broadcast,,,,,,
XQC-057,OROCOIPO,RANCAGUA,,-34.159167,-70.732222,,,FM,,95.1,,REGIÓN DEL LIBERTADOR GENERAL BERNARDO O'HIGGINS,,,,,,broadcast,,,,,,
XQC-060,CORAZON,REQUINOA,,-34.216111,-70.731389,,,FM,,104.3,,REGIÓN DEL LIBERTADOR GENERAL BERNARDO O'HIGGINS,,,,,,broadcast,,,,,,
XQC-079,PUDAHUEL,REQUINOA,,-34.217500,-70.731111,,,FM,,91.7,,REGIÓN DEL LIBERTADOR GENERAL BERNARDO O'HIGGINS,,,,,,broadcast,,,,,,
XQC-082,NIEBLA,RANCAGUA,,-34.171389,-70.731389,,,FM,,92.5,,REGIÓN DEL LIBERTADOR GENERAL BERNARDO O'HIGGINS,,,,,,broadcast,,,,,,
XQC-094,FIESSTA,REQUINOA,,-34.221389,-70.731389,,,FM,,90.9,,REGIÓN DEL LIBERTADOR GENERAL BERNARDO O'HIGGINS,,,,,,broadcast,,,,,,
XQC-109,BIENVENIDA,REQUINOA,,-34.221667,-70.723611,,,FM,,93.3,,REGIÓN DEL LIBERTADOR GENERAL BERNARDO O'HIGGINS,,,,,,broadcast,,,,,,
XQC-165,EL CONQUISTADOR,REQUINOA,,-34.218611,-70.729444,,,FM,,102.3,,REGIÓN DEL LIBERTADOR GENERAL BERNARDO O'HIGGINS,,,,,,broadcast,,,,,,
XQC-174,POWER,REQUINOA,,-34.218056,-70.728333,,,FM,,96.3,,REGIÓN DEL LIBERTADOR GENERAL BERNARDO O'HIGGINS,,,,,,broadcast,,,,,,
XQC-198,EMPERADOR,RANCAGUA,,-34.165278,-70.734722,,,FM,,106.5,,REGIÓN DEL LIBERTADOR GENERAL BERNARDO O'HIGGINS,,,,,,broadcast,,,,,,
XQC-285,ROMANTICA,REQUINOA,,-34.222222,-70.721944,,,FM,,104.7,,REGIÓN DEL LIBERTADOR GENERAL BERNARDO O'HIGGINS,,,,,,broadcast,,,,,,
XQC-293,ADN RADIO,REQUINOA,,-34.221389,-70.732778,,,FM,,103.7,,REGIÓN DEL LIBERTADOR GENERAL BERNARDO O'HIGGINS,,,,,,broadcast,,,,,,
XQC-390,ESTILO,REQUINOA,,-34.218611,-70.729444,,,FM,,98.3,,REGIÓN DEL LIBERTADOR GENERAL BERNARDO O'HIGGINS,,,,,,broadcast,,,,,,
XQC-524,COOPERATIVA,REQUINOA,,-34.218611,-70.729444,,,FM,,90.5,,REGIÓN DEL LIBERTADOR GENERAL BERNARDO O'HIGGINS,,,,,,broadcast,,,,,,
XQC-543,RANCAGUA,RANCAGUA,,-34.170556,-70.745833,,,FM,,99.5,,REGIÓN DEL LIBERTADOR GENERAL BERNARDO O'HIGGINS,,,,,,broadcast,,,,,,
CC-159,NUEVO MUNDO,RENGO,,-34.406111,-70.847222,,,AM,,1590,,REGIÓN DEL LIBERTADOR GENERAL BERNARDO O'HIGGINS,,,,,,broadcast,,,,,,
XQC-069,AUTENTICA,RENGO,,-34.408333,-70.862500,,,FM,,89.3,,REGIÓN DEL LIBERTADOR GENERAL BERNARDO O'HIGGINS,,,,,,broadcast,,,,,,
XQC-070,ADN RADIO,RENGO,,-34.413128,-70.862968,,,FM,,102.7,,REGIÓN DEL LIBERTADOR GENERAL BERNARDO O'HIGGINS,,,,,,broadcast,,,,,,
XQC-089,RIO CLARO,RENGO,,-34.465556,-70.865278,,,FM,,88.5,,REGIÓN DEL LIBERTADOR GENERAL BERNARDO O'HIGGINS,,,,,,broadcast,,,,,,
XQC-175,BRAVO,RENGO,,-34.403333,-70.867222,,,FM,,106.7,,REGIÓN DEL LIBERTADOR GENERAL BERNARDO O'HIGGINS,,,,,,broadcast,,,,,,
XQC-286,IMPACTO,REQUINOA,,-34.222222,-70.731389,,,FM,,91.3,,REGIÓN DEL LIBERTADOR GENERAL BERNARDO O'HIGGINS,,,,,,broadcast,,,,,,
XQC-179,FM DOS,REQUINOA,,-34.216111,-70.731389,,,FM,,101.1,,REGIÓN DEL LIBERTADOR GENERAL BERNARDO O'HIGGINS,,,,,,broadcast,,,,,,
XQB-122A,PUNTO 9,CHIMBARONGO,,-34.625556,-71.006111,,,FM,,92.9,,REGIÓN DEL LIBERTADOR GENERAL BERNARDO O'HIGGINS,,,,,,broadcast,,,,,,
XQC-014,TRIGAL,CHIMBARONGO,,-34.628056,-71.008611,,,FM,,103.9,,REGIÓN DEL LIBERTADOR GENERAL BERNARDO O'HIGGINS,,,,,,broadcast,,,,,,
XQC-065,ARMONIA,CHIMBARONGO,,-34.626111,-71.008889,,,FM,,96.9,,REGIÓN DEL LIBERTADOR GENERAL BERNARDO O'HIGGINS,,,,,,broadcast,,,,,,
XQC-086,COLOMBINA,CHIMBARONGO,,-34.617222,-71.010833,,,FM,,105.1,,REGIÓN DEL LIBERTADOR GENERAL BERNARDO O'HIGGINS,,,,,,broadcast,,,,,,
XQC-126,NIEBLA,CHIMBARONGO,,-34.627778,-71.005556,,,FM,,101.3,,REGIÓN DEL LIBERTADOR GENERAL BERNARDO O'HIGGINS,,,,,,broadcast,,,,,,
XQC-152,RADIOVISION,CHIMBARONGO,,-34.630000,-71.011111,,,FM,,99.7,,REGIÓN DEL LIBERTADOR GENERAL BERNARDO O'HIGGINS,,,,,,broadcast,,,,,,
XQC-155,RADIO TROPICAL LATINA,CHIMBARONGO,,-34.625000,-71.004167,,,FM,,93.7,,REGIÓN DEL LIBERTADOR GENERAL BERNARDO O'HIGGINS,,,,,,broadcast,,,,,,
XQC-157,MAGIZTRAL,CHIMBARONGO,,-34.630278,-71.011111,,,FM,,102.5,,REGIÓN DEL LIBERTADOR GENERAL BERNARDO O'HIGGINS,,,,,,broadcast,,,,,,
XQC-195,MANIA,CHIMBARONGO,,-34.628333,-71.006389,,,FM,,101.9,,REGIÓN DEL LIBERTADOR GENERAL BERNARDO O'HIGGINS,,,,,,broadcast,,,,,,
XQC-260,POWER,SAN FERNANDO,,-34.616667,-70.994722,,,FM,,103.1,,REGIÓN DEL LIBERTADOR GENERAL BERNARDO O'HIGGINS,,,,,,broadcast,,,,,,
XQC-389,DIGITAL FM2,CHIMBARONGO,,-34.628333,-71.006389,,,FM,,94.7,,REGIÓN DEL LIBERTADOR GENERAL BERNARDO O'HIGGINS,,,,,,broadcast,,,,,,
XQC-071,RITMO,SAN VICENTE,,-34.441389,-71.053611,,,FM,,98.7,,REGIÓN DEL LIBERTADOR GENERAL BERNARDO O'HIGGINS,,,,,,broadcast,,,,,,
XQC-200,SPLENDIDA,SAN VICENTE,,-34.435000,-71.070556,,,FM,,103.5,,REGIÓN DEL LIBERTADOR GENERAL BERNARDO O'HIGGINS,,,,,,broadcast,,,,,,
XQC-562,NAHUEL,COLTAUCO,,-34.374167,-71.160556,,,FM,,106.1,,REGIÓN DEL LIBERTADOR GENERAL BERNARDO O'HIGGINS,,,,,,broadcast,,,,,,
XQC-631,MOTIVATE,SAN VICENTE,,-34.441389,-71.122500,,,FM,,90.3,,REGIÓN DEL LIBERTADOR GENERAL BERNARDO O'HIGGINS,,,,,,broadcast,,,,,,
CC-158,COLCHAGUA,SANTA CRUZ,,-34.637778,-71.412500,,,AM,,1580,,REGIÓN DEL LIBERTADOR GENERAL BERNARDO O'HIGGINS,,,,,,broadcast,,,,,,
XQC-015,ENSUEÑO,SANTA CRUZ,,-34.596389,-71.483611,,,FM,,105.5,,REGIÓN DEL LIBERTADOR GENERAL BERNARDO O'HIGGINS,,,,,,broadcast,,,,,,
XQC-187,LUNA SANTACRUZANA,SANTA CRUZ,,-34.630833,-71.367222,,,FM,,88.1,,REGIÓN DEL LIBERTADOR GENERAL BERNARDO O'HIGGINS,,,,,,broadcast,,,,,,
XQC-188,EXODO,SANTA CRUZ,,-34.637778,-71.370833,,,FM,,89.7,,REGIÓN DEL LIBERTADOR GENERAL BERNARDO O'HIGGINS,,,,,,broadcast,,,,,,
XQC-211,MONTECARLO,SANTA CRUZ,,-34.638333,-71.365833,,,FM,,90.5,,REGIÓN DEL LIBERTADOR GENERAL BERNARDO O'HIGGINS,,,,,,broadcast,,,,,,
XQC-250,SANTA CRUZ FM,SANTA CRUZ,,-34.597222,-71.479722,,,FM,,94.3,,REGIÓN DEL LIBERTADOR GENERAL BERNARDO O'HIGGINS,,,,,,broadcast,,,,,,
XQC-272,BIENVENIDA,SANTA CRUZ,,-34.663611,-71.416667,,,FM,,100.9,,REGIÓN DEL LIBERTADOR GENERAL BERNARDO O'HIGGINS,,,,,,broadcast,,,,,,
XQC-395,MANIA,SANTA CRUZ,,-34.615556,-71.317222,,,FM,,98.1,,REGIÓN DEL LIBERTADOR GENERAL BERNARDO O'HIGGINS,,,,,,broadcast,,,,,,
XQC-630,ARMONIA,SANTA CRUZ,,-34.664167,-71.423056,,,FM,,91.3,,REGIÓN DEL LIBERTADOR GENERAL BERNARDO O'HIGGINS,,,,,,broadcast,,,,,,
XQC-021,SAN ALFONSO,CAUQUENES,,-35.963056,-72.323889,,,FM,,105.7,,REGIÓN DEL MAULE,,,,,,broadcast,,,,,,
XQC-026,MAULE SUR,CAUQUENES,,-35.961944,-72.318056,,,FM,,105.1,,REGIÓN DEL MAULE,,,,,,broadcast,,,,,,
XQC-044,DINASTIA,CAUQUENES,,-35.965556,-72.320000,,,FM,,101.9,,REGIÓN DEL MAULE,,,,,,broadcast,,,,,,
XQC-121,PRIMICIA,CAUQUENES,,-35.969722,-72.322500,,,FM,,90.9,,REGIÓN DEL MAULE,,,,,,broadcast,,,,,,
XQC-185,SURCOS,CAUQUENES,,-35.961111,-72.319444,,,FM,,100.9,,REGIÓN DEL MAULE,,,,,,broadcast,,,,,,
XQC-254,ADN RADIO,CAUQUENES,,-35.964167,-72.354167,,,FM,,98.3,,REGIÓN DEL MAULE,,,,,,broadcast,,,,,,
XQC-367,RADIO TROPICAL LATINA,CAUQUENES,,-35.967500,-72.321111,,,FM,,103.7,,REGIÓN DEL MAULE,,,,,,broadcast,,,,,,
XQC-386,HIT 40,CAUQUENES,,-35.964167,-72.354167,,,FM,,95.1,,REGIÓN DEL MAULE,,,,,,broadcast,,,,,,
XQC-396,FM 21,CAUQUENES,,-35.964167,-72.323333,,,FM,,93.9,,REGIÓN DEL MAULE,,,,,,broadcast,,,,,,
XQC-424,AMBROSIO,CAUQUENES,,-35.957222,-72.298889,,,FM,,106.5,,REGIÓN DEL MAULE,,,,,,broadcast,,,,,,
XQC-184,ARENAS,CHANCO,,-35.729722,-72.530556,,,FM,,97.9,,REGIÓN DEL MAULE,,,,,,broadcast,,,,,,
XQC-226,BUENA NUEVA DE CHANCO,CHANCO,,-35.735556,-72.532222,,,FM,,106.3,,REGIÓN DEL MAULE,,,,,,broadcast,,,,,,
XQC-608,ZONA 4FM,CHANCO,,-35.745278,-72.502778,,,FM,,89.1,,REGIÓN DEL MAULE,,,,,,broadcast,,,,,,
XQC-674,CHANQUINA FM,CHANCO,,-35.724722,-72.530833,,,FM,,99.5,,REGIÓN DEL MAULE,,,,,,broadcast,,,,,,
XQC-059,ALTAMAR,CONSTITUCION,,-35.330556,-72.419722,,,FM,,99.1,,REGIÓN DEL MAULE,,,,,,broadcast,,,,,,
XQC-144,JOSEFINA,CONSTITUCION,,-35.336389,-72.415556,,,FM,,92.1,,REGIÓN DEL MAULE,,,,,,broadcast,,,,,,
XQC-341,RADIO TROPICAL LATINA,CONSTITUCION,,-35.328611,-72.418611,,,FM,,95.7,,REGIÓN DEL MAULE,,,,,,broadcast,,,,,,
XQC-348,INICIA RADIO,CONSTITUCION,,-35.321944,-72.411667,,,FM,,92.9,,REGIÓN DEL MAULE,,,,,,broadcast,,,,,,
XQC-463,PARA TI,CONSTITUCION,,-35.328056,-72.420556,,,FM,,88.7,,REGIÓN DEL MAULE,,,,,,broadcast,,,,,,
XQC-469,COOPERATIVA2,CONSTITUCION,,-35.319444,-72.410000,,,FM,,104.3,,REGIÓN DEL MAULE,,,,,,broadcast,,,,,,
XQC-490,EL CONQUISTADOR,CONSTITUCION,,-35.328056,-72.420556,,,FM,,103.5,,REGIÓN DEL MAULE,,,,,,broadcast,,,,,,
XQC-495,APOCALIPSIS,CONSTITUCION,,-35.335556,-72.405556,,,FM,,97.3,,REGIÓN DEL MAULE,,,,,,broadcast,,,,,,
XQC-514,SABOR,CONSTITUCION,,-35.340278,-72.413611,,,FM,,105.5,,REGIÓN DEL MAULE,,,,,,broadcast,,,,,,
XQC-546,CORPORACION,CONSTITUCION,,-35.340000,-72.413889,,,FM,,90.7,,REGIÓN DEL MAULE,,,,,,broadcast,,,,,,
XQC-683,OLEAJES,CONSTITUCION,,-35.332500,-72.428056,,,FM,,92.5,,REGIÓN DEL MAULE,,,,,,broadcast,,,,,,
XQC-489,ZONA 4FM,RETIRO,,-36.080833,-71.808611,,,FM,,96.1,,REGIÓN DEL MAULE,,,,,,broadcast,,,,,,
XQC-511,EL CONQUISTADOR,VICHUQUEN,,-34.806111,-72.098611,,,FM,,103.9,,REGIÓN DEL MAULE,,,,,,broadcast,,,,,,
XQC-129,MONTINA,RIO CLARO,,-35.274167,-71.260556,,,FM,,96.5,,REGIÓN DEL MAULE,,,,,,broadcast,,,,,,
XQC-397,AMBROSIO,PELLUHUE,,-35.820278,-72.601389,,,FM,,98.7,,REGIÓN DEL MAULE,,,,,,broadcast,,,,,,
CC-064,CORPORACION,CURICO,,-35.004167,-71.168889,,,AM,,640,,REGIÓN DEL MAULE,,,,,,broadcast,,,,,,
CC-126,CONDELL,CURICO,,-34.001389,-71.235833,,,AM,,1260,,REGIÓN DEL MAULE,,,,,,broadcast,,,,,,
CC-145,RADIO TROPICAL LATINA,RAUCO,,-34.867222,-71.264167,,,AM,,1450,,REGIÓN DEL MAULE,,,,,,broadcast,,,,,,
XQC-018,RADIO TROPICAL LATINA,CURICO,,-34.975556,-71.228889,,,FM,,95.5,,REGIÓN DEL MAULE,,,,,,broadcast,,,,,,
XQC-051,PUDAHUEL,CURICO,,-34.975000,-71.228333,,,FM,,93.9,,REGIÓN DEL MAULE,,,,,,broadcast,,,,,,
XQC-067,CAROLINA,CURICO,,-34.975556,-71.228611,,,FM,,91.5,,REGIÓN DEL MAULE,,,,,,broadcast,,,,,,
XQC-072,CONDELL,CURICO,,-34.976389,-71.227778,,,FM,,92.7,,REGIÓN DEL MAULE,,,,,,broadcast,,,,,,
XQC-076,PUNTO 9,CURICO,,-34.975278,-71.229722,,,FM,,99.9,,REGIÓN DEL MAULE,,,,,,broadcast,,,,,,
XQC-117,PRIMORDIAL,CURICO,,-34.976389,-71.227778,,,FM,,96.1,,REGIÓN DEL MAULE,,,,,,broadcast,,,,,,
XQC-246,BIO-BIO,CURICO,,-34.977222,-71.228889,,,FM,,98.5,,REGIÓN DEL MAULE,,,,,,broadcast,,,,,,
XQC-249,VLN,CURICO,,-34.977222,-71.228889,,,FM,,105.7,,REGIÓN DEL MAULE,,,,,,broadcast,,,,,,
XQC-257,MONTECARLO,CURICO,,-34.975833,-71.225833,,,FM,,93.3,,REGIÓN DEL MAULE,,,,,,broadcast,,,,,,
XQC-291,ADN RADIO,CURICO,,-34.975000,-71.228333,,,FM,,97.7,,REGIÓN DEL MAULE,,,,,,broadcast,,,,,,
XQC-421,ESTILO,CURICO,,-34.979167,-71.230278,,,FM,,97.3,,REGIÓN DEL MAULE,,,,,,broadcast,,,,,,
XQC-474,EL CONQUISTADOR,CURICO,,-34.989722,-71.226944,,,FM,,88.7,,REGIÓN DEL MAULE,,,,,,broadcast,,,,,,
XQC-527,CARNAVAL,CURICO,,-34.977222,-71.228889,,,FM,,104.7,,REGIÓN DEL MAULE,,,,,,broadcast,,,,,,
XQC-480,NUEVO MUNDO,CURICO,,-34.979444,-71.230833,,,FM,,102.3,,REGIÓN DEL MAULE,,,,,,broadcast,,,,,,
XQC-561,RADIO TROPICAL LATINA,LICANTEN,,-34.938889,-72.182222,,,FM,,93.7,,REGIÓN DEL MAULE,,,,,,broadcast,,,,,,
XQC-149,PAULA,HUALAÑE,,-34.971667,-71.806389,,,FM,,90.5,,REGIÓN DEL MAULE,,,,,,broadcast,,,,,,
XQC-164,RENACER,CUREPTO,,-34.987500,-71.823333,,,FM,,101.7,,REGIÓN DEL MAULE,,,,,,broadcast,,,,,,
XQC-207,FANTASTICA,HUALAÑE,,-34.968889,-71.766667,,,FM,,103.3,,REGIÓN DEL MAULE,,,,,,broadcast,,,,,,
XQC-537,RADIO TROPICAL LATINA,LICANTEN,,-34.938889,-72.182222,,,FM,,98.5,,REGIÓN DEL MAULE,,,,,,broadcast,,,,,,
XQC-128,FRATERNA,LICANTEN,,-34.945278,-71.921111,,,FM,,105.3,,REGIÓN DEL MAULE,,,,,,broadcast,,,,,,
XQC-528,RADIO TROPICAL LATINA,VICHUQUEN,,-34.910833,-71.993889,,,FM,,99.3,,REGIÓN DEL MAULE,,,,,,broadcast,,,,,,
XQC-036,PUDAHUEL,LINARES,,-35.736111,-71.639444,,,FM,,88.9,,REGIÓN DEL MAULE,,,,,,broadcast,,,,,,
XQC-052,ARMONIA,LINARES,,-35.736111,-71.641111,,,FM,,106.7,,REGIÓN DEL MAULE,,,,,,broadcast,,,,,,
XQC-104,MARIA,LINARES,,-35.830833,-71.594444,,,FM,,88.1,,REGIÓN DEL MAULE,,,,,,broadcast,,,,,,
XQC-125,RADIO TROPICAL LATINA,LINARES,,-35.845833,-71.591111,,,FM,,95.3,,REGIÓN DEL MAULE,,,,,,broadcast,,,,,,
XQC-130,BUENA NUEVA,LINARES,,-35.839444,-71.626389,,,FM,,97.9,,REGIÓN DEL MAULE,,,,,,broadcast,,,,,,
XQC-163,INNOVADORA,LINARES,,-35.838056,-71.591111,,,FM,,104.1,,REGIÓN DEL MAULE,,,,,,broadcast,,,,,,
XQC-277,ADN RADIO,LINARES,,-35.736111,-71.639444,,,FM,,91.3,,REGIÓN DEL MAULE,,,,,,broadcast,,,,,,
XQC-309,CORAZON,LINARES,,-35.736111,-71.639444,,,FM,,93.1,,REGIÓN DEL MAULE,,,,,,broadcast,,,,,,
XQC-340,CAROLINA,LINARES,,-35.842222,-71.604167,,,FM,,101.1,,REGIÓN DEL MAULE,,,,,,broadcast,,,,,,
XQC-388,AMBROSIO,LINARES,,-35.843611,-71.590556,,,FM,,90.7,,REGIÓN DEL MAULE,,,,,,broadcast,,,,,,
XQC-632,FM STUDIO,VILLA ALEGRE,,-35.740278,-71.643056,,,FM,,94.7,,REGIÓN DEL MAULE,,,,,,broadcast,,,,,,
XQC-678,FRECUENCIA 1,LINARES,,-35.740278,-71.643056,,,FM,,103.5,,REGIÓN DEL MAULE,,,,,,broadcast,,,,,,
XQC-446,POSITIVA,TALCA,,-35.408889,-71.696389,,,FM,,90.9,,REGIÓN DEL MAULE,,,,,,broadcast,,,,,,
XQC-199,EL NEVADO,LONGAVI,,-35.959167,-71.680833,,,FM,,102.7,,REGIÓN DEL MAULE,,,,,,broadcast,,,,,,
XQC-509,FM MAS,LONGAVI,,-35.954167,-71.649167,,,FM,,99.9,,REGIÓN DEL MAULE,,,,,,broadcast,,,,,,
XQC-671,VIA 7,LONGAVI,,-35.954167,-71.649167,,,FM,,104.9,,REGIÓN DEL MAULE,,,,,,broadcast,,,,,,
XQC-035,ALFAOMEGA,CURICO,,-34.975833,-71.227778,,,FM,,106.5,,REGIÓN DEL MAULE,,,,,,broadcast,,,,,,
XQC-161,CRISTALINA,COLBUN,,-35.760278,-71.418333,,,FM,,96.3,,REGIÓN DEL MAULE,,,,,,broadcast,,,,,,
XQC-073,OPTIMA,PARRAL,,-36.146667,-71.823056,,,FM,,99.3,,REGIÓN DEL MAULE,,,,,,broadcast,,,,,,
XQC-183,PABLO NERUDA,PARRAL,,-36.137500,-71.804444,,,FM,,96.7,,REGIÓN DEL MAULE,,,,,,broadcast,,,,,,
XQC-311,RANCHERA LA MERA,RETIRO,,-36.099444,-71.795278,,,FM,,92.5,,REGIÓN DEL MAULE,,,,,,broadcast,,,,,,
XQC-387,HIT 40,PARRAL,,-36.156389,-71.811111,,,FM,,88.5,,REGIÓN DEL MAULE,,,,,,broadcast,,,,,,
XQC-427,UNIVERSIDAD DE TALCA,RETIRO,,-36.061389,-71.817778,,,FM,,93.7,,REGIÓN DEL MAULE,,,,,,broadcast,,,,,,
XQC-391,CORPORACION,TALCA,,-35.393611,-71.590000,,,FM,,102.5,,REGIÓN DEL MAULE,,,,,,broadcast,,,,,,
XQC-349,RADIO RED GEMINIS,PELLUHUE,,-35.820278,-72.601389,,,FM,,93.3,,REGIÓN DEL MAULE,,,,,,broadcast,,,,,,
XQC-350,CAROLINA,PENCAHUE,,-35.416667,-71.701389,,,FM,,105.1,,REGIÓN DEL MAULE,,,,,,broadcast,,,,,,
XQC-177,IMPACTO,CURICO,,-34.977222,-71.228889,,,FM,,89.1,,REGIÓN DEL MAULE,,,,,,broadcast,,,,,,
XQC-336,MILLARAY,RETIRO,,-36.093889,-71.806667,,,FM,,91.9,,REGIÓN DEL MAULE,,,,,,broadcast,,,,,,
XQC-456,MONTECARLO,RETIRO,,-36.076111,-71.810278,,,FM,,100.5,,REGIÓN DEL MAULE,,,,,,broadcast,,,,,,
XQC-468,PAULINA FM,RETIRO,,-36.093611,-71.806667,,,FM,,102.3,,REGIÓN DEL MAULE,,,,,,broadcast,,,,,,
XQC-102,COOPERATIVA,CURICO,,-34.979167,-71.230556,,,FM,,101.1,,REGIÓN DEL MAULE,,,,,,broadcast,,,,,,
XQC-141,ROCK & POP,TALCA,,-35.421111,-71.702222,,,FM,,100.1,,REGIÓN DEL MAULE,,,,,,broadcast,,,,,,
XQC-142,ZONA 4FM,SAN CLEMENTE,,-35.533889,-71.485556,,,FM,,95.9,,REGIÓN DEL MAULE,,,,,,broadcast,,,,,,
XQC-359,ROMANTICA,TALCA,,-35.466667,-71.558333,,,FM,,106.3,,REGIÓN DEL MAULE,,,,,,broadcast,,,,,,
XQC-005,CORAZON,TALCA,,-35.417778,-71.700833,,,FM,,104.5,,REGIÓN DEL MAULE,,,,,,broadcast,,,,,,
XQC-503,JAVIERA,SAN JAVIER,,-35.590278,-71.731389,,,FM,,92.7,,REGIÓN DEL MAULE,,,,,,broadcast,,,,,,
XQC-525,MONTINA,SAN RAFAEL,,-35.315556,-71.533333,,,FM,,103.9,,REGIÓN DEL MAULE,,,,,,broadcast,,,,,,
CC-097,LAUTARO,TALCA,,-35.394444,-71.632222,,,AM,,970,,REGIÓN DEL MAULE,,,,,,broadcast,,,,,,
CC-102,AMIGA,TALCA,,-35.526389,-71.692222,,,AM,,1020,,REGIÓN DEL MAULE,,,,,,broadcast,,,,,,
CC-109,CHILENA,TALCA,,-35.391944,-71.641667,,,AM,,1090,,REGIÓN DEL MAULE,,,,,,broadcast,,,,,,
CC-121,UNIVERSIDAD DE TALCA,TALCA,,-35.438611,-71.529722,,,AM,,1210,,REGIÓN DEL MAULE,,,,,,broadcast,,,,,,
CC-157A,FAMILIA DEL MAULE,MAULE,,-35.465556,-71.736389,,,AM,,1570,,REGIÓN DEL MAULE,,,,,,broadcast,,,,,,
XQC-007,PALOMA,TALCA,,-35.417500,-71.700833,,,FM,,97.5,,REGIÓN DEL MAULE,,,,,,broadcast,,,,,,
XQC-028,ESTILO,TALCA,,-35.416667,-71.701389,,,FM,,99.5,,REGIÓN DEL MAULE,,,,,,broadcast,,,,,,
XQC-042,ADN RADIO,TALCA,,-35.417778,-71.700833,,,FM,,93.5,,REGIÓN DEL MAULE,,,,,,broadcast,,,,,,
XQC-043,FUTURA,TALCA,,-35.416389,-71.701111,,,FM,,100.7,,REGIÓN DEL MAULE,,,,,,broadcast,,,,,,
XQC-056,PUDAHUEL,TALCA,,-35.417778,-71.700833,,,FM,,90.3,,REGIÓN DEL MAULE,,,,,,broadcast,,,,,,
XQC-098,COOPERATIVA,TALCA,,-35.415278,-71.700278,,,FM,,94.9,,REGIÓN DEL MAULE,,,,,,broadcast,,,,,,
XQC-103,EL CONQUISTADOR,TALCA,,-35.415833,-71.700278,,,FM,,94.1,,REGIÓN DEL MAULE,,,,,,broadcast,,,,,,
XQC-107,UNIVERSIDAD DE TALCA,TALCA,,-35.415556,-71.700556,,,FM,,102.1,,REGIÓN DEL MAULE,,,,,,broadcast,,,,,,
XQC-119,MAGICA,TALCA,,-35.416667,-71.701389,,,FM,,89.5,,REGIÓN DEL MAULE,,,,,,broadcast,,,,,,
XQC-120,AGRICULTURA,TALCA,,-35.416667,-71.702778,,,FM,,94.5,,REGIÓN DEL MAULE,,,,,,broadcast,,,,,,
XQC-122,MARISOL,TALCA,,-35.421944,-71.704167,,,FM,,101.5,,REGIÓN DEL MAULE,,,,,,broadcast,,,,,,
XQC-146,IMAGINA,TALCA,,-35.420278,-71.701111,,,FM,,98.9,,REGIÓN DEL MAULE,,,,,,broadcast,,,,,,
XQC-212,FM DOS,TALCA,,-35.422222,-71.702778,,,FM,,98.1,,REGIÓN DEL MAULE,,,,,,broadcast,,,,,,
XQC-263,ARMONIA,TALCA,,-35.420556,-71.701667,,,FM,,102.9,,REGIÓN DEL MAULE,,,,,,broadcast,,,,,,
XQC-273,ACTIVA,TALCA,,-35.420556,-71.701667,,,FM,,91.7,,REGIÓN DEL MAULE,,,,,,broadcast,,,,,,
XQC-477,EXITOSA,TALCA,,-35.418056,-71.701111,,,FM,,88.5,,REGIÓN DEL MAULE,,,,,,broadcast,,,,,,
XQC-081,MAGNIFICA,TENO,,-34.866111,-71.156667,,,FM,,90.7,,REGIÓN DEL MAULE,,,,,,broadcast,,,,,,
XQC-206,VIDA FM,CURICO,,-34.908056,-71.163611,,,FM,,103.7,,REGIÓN DEL MAULE,,,,,,broadcast,,,,,,
XQC-363,BIO BIO,VICHUQUEN,,-34.914722,-71.996111,,,FM,,100.3,,REGIÓN DEL MAULE,,,,,,broadcast,,,,,,
XQC-093,NARANJA,VILLA ALEGRE,,-35.677500,-71.739444,,,FM,,105.9,,REGIÓN DEL MAULE,,,,,,broadcast,,,,,,
XQC-150,CAMELIA,BULNES,,-36.738889,-72.295000,,,FM,,93.5,,REGIÓN DE NUBLE,,,,,,broadcast,,,,,,
CC-090,ÑUBLE,CHILLAN VIEJO,,-36.664722,-72.128611,,,AM,,900,,REGIÓN DE NUBLE,,,,,,broadcast,,,,,,
XQC-011,LA DISCUSION,CHILLAN,,-36.604722,-72.102222,,,FM,,94.7,,REGIÓN DE NUBLE,,,,,,broadcast,,,,,,
XQC-019,ÑUBLE,CHILLAN VIEJO,,-36.664722,-72.128611,,,FM,,89.7,,REGIÓN DE NUBLE,,,,,,broadcast,,,,,,
XQC-024,ALBORADA,CHILLAN,,-36.605000,-72.098889,,,FM,,106.1,,REGIÓN DE NUBLE,,,,,,broadcast,,,,,,
XQC-025,STELLAR,CHILLAN,,-36.604167,-72.093333,,,FM,,102.5,,REGIÓN DE NUBLE,,,,,,broadcast,,,,,,
XQC-027,MACARENA,CHILLAN,,-36.553333,-72.098611,,,FM,,99.7,,REGIÓN DE NUBLE,,,,,,broadcast,,,,,,
XQC-033,ADN RADIO,CHILLAN,,-36.581111,-72.145833,,,FM,,101.3,,REGIÓN DE NUBLE,,,,,,broadcast,,,,,,
XQC-075,ISADORA,CHILLAN,,-36.606667,-72.100000,,,FM,,97.7,,REGIÓN DE NUBLE,,,,,,broadcast,,,,,,
XQC-083,CARIÑOSA,CHILLAN,,-36.605000,-72.098889,,,FM,,92.1,,REGIÓN DE NUBLE,,,,,,broadcast,,,,,,
XQC-105,PUDAHUEL,CHILLAN,,-36.581111,-72.145833,,,FM,,103.9,,REGIÓN DE NUBLE,,,,,,broadcast,,,,,,
XQC-116,EL SEMBRADOR,CHILLAN,,-36.605556,-72.101667,,,FM,,104.7,,REGIÓN DE NUBLE,,,,,,broadcast,,,,,,
XQC-132,EL CONQUISTADOR,CHILLAN,,-36.641944,-72.048611,,,FM,,92.9,,REGIÓN DE NUBLE,,,,,,broadcast,,,,,,
XQC-134,UNIVERSIDAD ADVENTISTA,CHILLAN,,-36.625000,-72.015278,,,FM,,106.9,,REGIÓN DE NUBLE,,,,,,broadcast,,,,,,
XQC-172,ESTILO,CHILLAN,,-36.600000,-72.105833,,,FM,,103.3,,REGIÓN DE NUBLE,,,,,,broadcast,,,,,,
XQC-436,COOPERATIVA,CHILLAN,,-36.604444,-72.102500,,,FM,,98.1,,REGIÓN DE NUBLE,,,,,,broadcast,,,,,,
XQD-282,CORPORACION,CHILLAN,,-36.608333,-72.166667,,,FM,,89.1,,REGIÓN DE NUBLE,,,,,,broadcast,,,,,,
XQC-096,CONTAGIO,COELEMU,,-36.482222,-72.698056,,,FM,,104.5,,REGIÓN DE NUBLE,,,,,,broadcast,,,,,,
XQC-280,MONTSERRAT,COELEMU,,-36.488889,-72.717222,,,FM,,91.3,,REGIÓN DE NUBLE,,,,,,broadcast,,,,,,
XQC-145,CONTEMPORANEA,COIHUECO,,-36.622222,-71.841667,,,FM,,91.1,,REGIÓN DE NUBLE,,,,,,broadcast,,,,,,
XQC-422,VICTORIA,COIHUECO,,-36.622222,-71.841667,,,FM,,95.7,,REGIÓN DE NUBLE,,,,,,broadcast,,,,,,
XQC-268,CATALINA,EL CARMEN,,-36.893889,-72.022778,,,FM,,106.3,,REGIÓN DE NUBLE,,,,,,broadcast,,,,,,
XQC-151,ADN RADIO,CHILLAN,,-36.670833,-72.015278,,,FM,,91.5,,REGIÓN DE NUBLE,,,,,,broadcast,,,,,,
XQC-378,MONTECARLO,COIHUECO,,-36.646944,-71.950000,,,FM,,90.7,,REGIÓN DE NUBLE,,,,,,broadcast,,,,,,
XQB-204,VERTIENTE,PORTEZUELO,,-36.524444,-72.423333,,,FM,,95.5,,REGIÓN DE NUBLE,,,,,,broadcast,,,,,,
XQC-317,RAICES,PORTEZUELO,,-36.526667,-72.428611,,,FM,,100.7,,REGIÓN DE NUBLE,,,,,,broadcast,,,,,,
XQC-282,CAYUMANQUI,QUILLON,,-36.738611,-72.468333,,,FM,,90.5,,REGIÓN DE NUBLE,,,,,,broadcast,,,,,,
XQD-310,ITATA,QUILLON,,-36.738611,-72.468333,,,FM,,102.1,,REGIÓN DE NUBLE,,,,,,broadcast,,,,,,
XQC-140,CONIFERA,QUIRIHUE,,-36.327222,-72.549167,,,FM,,95.9,,REGIÓN DE NUBLE,,,,,,broadcast,,,,,,
CC-147,NIEBLA,SAN CARLOS,,-36.424167,-71.938611,,,AM,,1280,,REGIÓN DE NUBLE,,,,,,broadcast,,,,,,
XQC-170,CONTIGO,SAN CARLOS,,-36.423056,-71.956111,,,FM,,98.5,,REGIÓN DE NUBLE,,,,,,broadcast,,,,,,
XQC-204,INTERACTIVA FM,SAN CARLOS,,-36.424167,-71.938611,,,FM,,97.1,,REGIÓN DE NUBLE,,,,,,broadcast,,,,,,
XQC-214,OCARINA,SAN CARLOS,,-36.421667,-71.950000,,,FM,,104.3,,REGIÓN DE NUBLE,,,,,,broadcast,,,,,,
XQC-470,DIGITAL FM2,SAN CARLOS,,-36.424167,-71.938611,,,FM,,90.3,,REGIÓN DE NUBLE,,,,,,broadcast,,,,,,
XQC-401,DIGITAL FM2,BULNES,,-36.775556,-72.312500,,,FM,,90.1,,REGIÓN DE NUBLE,,,,,,broadcast,,,,,,
XQC-077,LA VOZ DE YUNGAY,YUNGAY,,-37.128611,-72.021667,,,FM,,102.7,,REGIÓN DE NUBLE,,,,,,broadcast,,,,,,
XQC-223,PRINCIPAL,YUNGAY,,-37.118056,-72.014444,,,FM,,105.1,,REGIÓN DE NUBLE,,,,,,broadcast,,,,,,
XQC-224,STEFANIA,YUNGAY,,-37.116389,-72.016667,,,FM,,100.9,,REGIÓN DE NUBLE,,,,,,broadcast,,,,,,
XQC-373,OCTAVA DIGITAL,TUCAPEL,,-37.271667,-71.750000,,,FM,,106.1,,REGIÓN DEL BIOBÍO,,,,,,broadcast,,,,,,
XQC-074,INDOMITA,ARAUCO,,-37.244444,-73.312778,,,FM,,102.1,,REGIÓN DEL BIOBÍO,,,,,,broadcast,,,,,,
XQC-374,ARMONIA,ARAUCO,,-37.256944,-73.341944,,,FM,,95.9,,REGIÓN DEL BIOBÍO,,,,,,broadcast,,,,,,
XQC-487,MDT 91.3 FM,ARAUCO,,-37.240000,-73.316667,,,FM,,91.3,,REGIÓN DEL BIOBÍO,,,,,,broadcast,,,,,,
XQC-092,CREACION,CABRERO,,-37.029444,-72.411111,,,FM,,99.3,,REGIÓN DEL BIOBÍO,,,,,,broadcast,,,,,,
XQC-321,KARINA,CABRERO,,-37.037500,-72.401389,,,FM,,100.1,,REGIÓN DEL BIOBÍO,,,,,,broadcast,,,,,,
XQC-484,POSITIVA,CABRERO,,-37.037500,-72.401389,,,FM,,94.3,,REGIÓN DEL BIOBÍO,,,,,,broadcast,,,,,,
XQC-518,KARINA,CABRERO,,-37.037500,-72.401389,,,FM,,91.9,,REGIÓN DEL BIOBÍO,,,,,,broadcast,,,,,,
XQC-040,REVELACION,CAÑETE,,-37.797778,-73.398889,,,FM,,101.5,,REGIÓN DEL BIOBÍO,,,,,,broadcast,,,,,,
XQC-304,BIO-BIO,CAÑETE,,-37.824722,-73.386389,,,FM,,97.7,,REGIÓN DEL BIOBÍO,,,,,,broadcast,,,,,,
XQC-316,CORPORACION,CAÑETE,,-37.803889,-73.405000,,,FM,,96.5,,REGIÓN DEL BIOBÍO,,,,,,broadcast,,,,,,
XQC-338,MILLARAY,CAÑETE,,-37.797500,-73.399167,,,FM,,98.5,,REGIÓN DEL BIOBÍO,,,,,,broadcast,,,,,,
XQC-366,ROMANCE,CAÑETE,,-37.805833,-73.394167,,,FM,,104.7,,REGIÓN DEL BIOBÍO,,,,,,broadcast,,,,,,
XQC-450,FUSION RADIO,CAÑETE,,-37.816667,-73.396389,,,FM,,98.9,,REGIÓN DEL BIOBÍO,,,,,,broadcast,,,,,,
XQC-457,VANGUARDIA,CAÑETE,,-37.794444,-73.391667,,,FM,,106.3,,REGIÓN DEL BIOBÍO,,,,,,broadcast,,,,,,
XQC-556,ESTACION ACTIVA,CAÑETE,,-37.816667,-73.396389,,,FM,,91.7,,REGIÓN DEL BIOBÍO,,,,,,broadcast,,,,,,
XQC-581,ZUMBALE,CAÑETE,,-37.816667,-73.396389,,,FM,,90.7,,REGIÓN DEL BIOBÍO,,,,,,broadcast,,,,,,
XQC-640,GENESSIS,NACIMIENTO,,-37.541111,-72.702778,,,FM,,88.3,,REGIÓN DEL BIOBÍO,,,,,,broadcast,,,,,,
CC-059,INNOVACION,CONCEPCION,,-36.804722,-73.033333,,,AM,,590,,REGIÓN DEL BIOBÍO,,,,,,broadcast,,,,,,
CC-062,BIO-BIO,CONCEPCION,,-36.820000,-73.009444,,,AM,,620,,REGIÓN DEL BIOBÍO,,,,,,broadcast,,,,,,
CC-068,COOPERATIVA,HUALPEN,,-36.783333,-73.152500,,,AM,,680,,REGIÓN DEL BIOBÍO,,,,,,broadcast,,,,,,
CC-086,INES DE SUAREZ,CONCEPCION,,-36.804722,-73.033333,,,AM,,860,,REGIÓN DEL BIOBÍO,,,,,,broadcast,,,,,,
CC-103,CHILENA,TALCAHUANO,,-36.727222,-73.098056,,,AM,,1030,,REGIÓN DEL BIOBÍO,,,,,,broadcast,,,,,,
CC-136,UNIVERSIDAD DEL BIO-BIO,CONCEPCION,,-36.820000,-73.008611,,,AM,,1360,,REGIÓN DEL BIOBÍO,,,,,,broadcast,,,,,,
XQC-004,HORIZONTE,CONCEPCION,,-36.823056,-73.047500,,,FM,,89.5,,REGIÓN DEL BIOBÍO,,,,,,broadcast,,,,,,
XQC-010,HIT 40,TALCAHUANO,,-36.774444,-73.095556,,,FM,,92.5,,REGIÓN DEL BIOBÍO,,,,,,broadcast,,,,,,
XQC-013,DISNEY,CONCEPCION,,-36.855833,-73.075833,,,FM,,97.3,,REGIÓN DEL BIOBÍO,,,,,,broadcast,,,,,,
XQC-017,BIO-BIO,TALCAHUANO,,-36.704444,-73.121111,,,FM,,98.1,,REGIÓN DEL BIOBÍO,,,,,,broadcast,,,,,,
XQC-029,FEMENINA,HUALPEN,,-36.787500,-73.155000,,,FM,,96.7,,REGIÓN DEL BIOBÍO,,,,,,broadcast,,,,,,
XQC-031,CAROLINA,SAN PEDRO DE LA PAZ,,-36.852778,-73.074722,,,FM,,91.7,,REGIÓN DEL BIOBÍO,,,,,,broadcast,,,,,,
XQC-034,INFINITA,CONCEPCION,,-36.855833,-73.075833,,,FM,,104.9,,REGIÓN DEL BIOBÍO,,,,,,broadcast,,,,,,
XQC-047,ADN RADIO,TALCAHUANO,,-36.774444,-73.095556,,,FM,,104.1,,REGIÓN DEL BIOBÍO,,,,,,broadcast,,,,,,
XQC-080,DIGITAL FM,SAN PEDRO DE LA PAZ,,-36.852778,-73.074722,,,FM,,105.5,,REGIÓN DEL BIOBÍO,,,,,,broadcast,,,,,,
XQC-084,PUDAHUEL,TALCAHUANO,,-36.708056,-73.125000,,,FM,,99.9,,REGIÓN DEL BIOBÍO,,,,,,broadcast,,,,,,
XQC-091,DUNA,SAN PEDRO DE LA PAZ,,-36.851944,-73.073056,,,FM,,90.1,,REGIÓN DEL BIOBÍO,,,,,,broadcast,,,,,,
XQC-101,DOÑA INES,SAN PEDRO DE LA PAZ,,-36.854444,-73.075833,,,FM,,88.5,,REGIÓN DEL BIOBÍO,,,,,,broadcast,,,,,,
XQC-137,FUTURO,TALCAHUANO,,-36.771667,-73.093611,,,FM,,106.5,,REGIÓN DEL BIOBÍO,,,,,,broadcast,,,,,,
XQC-216,PUNTO SIETE,TALCAHUANO,,-36.708333,-73.123611,,,FM,,90.9,,REGIÓN DEL BIOBÍO,,,,,,broadcast,,,,,,
XQC-507,AGRICULTURA,CONCEPCION,,-36.852778,-73.074722,,,FM,,88.1,,REGIÓN DEL BIOBÍO,,,,,,broadcast,,,,,,
XQD-013,EL CONQUISTADOR,CONCEPCION,,-36.830833,-73.018889,,,FM,,98.9,,REGIÓN DEL BIOBÍO,,,,,,broadcast,,,,,,
XQC-551,CARAMELO,PUREN,,-38.073333,-73.123611,,,FM,,90.1,,REGIÓN DEL BIOBÍO,,,,,,broadcast,,,,,,
XQD-554,REVELACION,CONTULMO,,-38.052778,-73.227778,,,FM,,96.1,,REGIÓN DEL BIOBÍO,,,,,,broadcast,,,,,,
XQC-090,DINAMICA,CORONEL,,-37.025000,-73.141667,,,FM,,100.7,,REGIÓN DEL BIOBÍO,,,,,,broadcast,,,,,,
XQC-186,CATALINA,CORONEL,,-37.025000,-73.141667,,,FM,,89.1,,REGIÓN DEL BIOBÍO,,,,,,broadcast,,,,,,
XQC-423,DIGITAL FM2,LOS ANGELES,,-37.475556,-72.346111,,,FM,,103.5,,REGIÓN DEL BIOBÍO,,,,,,broadcast,,,,,,
XQC-100,NAHUELBUTA,CURANILAHUE,,-37.480833,-73.337778,,,FM,,88.3,,REGIÓN DEL BIOBÍO,,,,,,broadcast,,,,,,
XQC-118,VANGUARDIA,CURANILAHUE,,-37.472778,-73.346111,,,FM,,99.3,,REGIÓN DEL BIOBÍO,,,,,,broadcast,,,,,,
XQC-599,ARMONIA,CURANILAHUE,,-37.478889,-73.357778,,,FM,,105.7,,REGIÓN DEL BIOBÍO,,,,,,broadcast,,,,,,
XQC-611,MILLARAY,CURANILAHUE,,-37.473333,-73.333056,,,FM,,100.5,,REGIÓN DEL BIOBÍO,,,,,,broadcast,,,,,,
XQC-690,MILLARAY,CURANILAHUE,,-37.485278,-73.339722,,,FM,,94.9,,REGIÓN DEL BIOBÍO,,,,,,broadcast,,,,,,
XQC-451,SABROSITA,LOS ANGELES,,-37.554444,-72.303333,,,FM,,93.5,,REGIÓN DEL BIOBÍO,,,,,,broadcast,,,,,,
XQC-266,"FM MIA 89,3",LOS ANGELES,,-37.468333,-72.340000,,,FM,,89.3,,REGIÓN DEL BIOBÍO,,,,,,broadcast,,,,,,
XQC-535,VACILONA,NEGRETE,,-37.626667,-72.601944,,,FM,,100.1,,REGIÓN DEL BIOBÍO,,,,,,broadcast,,,,,,
XQC-037,ODISEA,TUCAPEL,,-37.237222,-71.941667,,,FM,,104.3,,REGIÓN DEL BIOBÍO,,,,,,broadcast,,,,,,
XQC-267,KARMINA,TUCAPEL,,-37.236944,-71.941667,,,FM,,91.3,,REGIÓN DEL BIOBÍO,,,,,,broadcast,,,,,,
XQC-022,PAULA,LAJA,,-37.251389,-72.723056,,,FM,,103.7,,REGIÓN DEL BIOBÍO,,,,,,broadcast,,,,,,
XQC-496,RINCONADA,LAJA,,-37.274444,-72.709444,,,FM,,101.1,,REGIÓN DEL BIOBÍO,,,,,,broadcast,,,,,,
XQC-520,ARAUCANIA,LAJA,,-37.266389,-72.703889,,,FM,,90.9,,REGIÓN DEL BIOBÍO,,,,,,broadcast,,,,,,
XQC-045,PROYECCION,LEBU,,-37.625556,-73.650000,,,FM,,100.1,,REGIÓN DEL BIOBÍO,,,,,,broadcast,,,,,,
XQC-290,LA CIUDAD,LEBU,,-37.616667,-73.647222,,,FM,,88.9,,REGIÓN DEL BIOBÍO,,,,,,broadcast,,,,,,
XQC-547,CORPORACION,LEBU,,-37.629444,-73.652500,,,FM,,90.3,,REGIÓN DEL BIOBÍO,,,,,,broadcast,,,,,,
XQC-610,MILLARAY,LEBU,,-37.617778,-73.651667,,,FM,,101.9,,REGIÓN DEL BIOBÍO,,,,,,broadcast,,,,,,
XQC-615,MILLARAY,LEBU,,-37.617778,-73.651667,,,FM,,91.1,,REGIÓN DEL BIOBÍO,,,,,,broadcast,,,,,,
XQC-676,MILLARAY,LEBU,,-37.617778,-73.651667,,,FM,,93.9,,REGIÓN DEL BIOBÍO,,,,,,broadcast,,,,,,
XQC-601,MILLARAY,ARAUCO,,-37.263333,-73.321667,,,FM,,92.9,,REGIÓN DEL BIOBÍO,,,,,,broadcast,,,,,,
XQC-162,DOÑA JAVIERA,LOS ALAMOS,,-37.623056,-73.459444,,,FM,,92.7,,REGIÓN DEL BIOBÍO,,,,,,broadcast,,,,,,
XQC-376,IMPACTO,LOS ALAMOS,,-37.626667,-73.456111,,,FM,,92.3,,REGIÓN DEL BIOBÍO,,,,,,broadcast,,,,,,
XQC-452,JERUSALEN,LOS ALAMOS,,-37.623889,-73.456111,,,FM,,94.3,,REGIÓN DEL BIOBÍO,,,,,,broadcast,,,,,,
XQC-545,CORPORACION,LOS ALAMOS,,-37.623333,-73.456111,,,FM,,100.9,,REGIÓN DEL BIOBÍO,,,,,,broadcast,,,,,,
XQC-550,LANALHUE,LOS ALAMOS,,-37.632500,-73.411111,,,FM,,95.3,,REGIÓN DEL BIOBÍO,,,,,,broadcast,,,,,,
CD-073,ANGELINA,LOS ANGELES,,-37.500556,-72.372778,,,AM,,730,,REGIÓN DEL BIOBÍO,,,,,,broadcast,,,,,,
CD-140,LA AMISTAD,LOS ANGELES,,-37.471111,-72.325000,,,AM,,1400,,REGIÓN DEL BIOBÍO,,,,,,broadcast,,,,,,
XQC-012,ADN RADIO,LOS ANGELES,,-37.433889,-72.314722,,,FM,,104.9,,REGIÓN DEL BIOBÍO,,,,,,broadcast,,,,,,
XQC-023,AGRICULTURA,LOS ANGELES,,-37.498333,-72.347778,,,FM,,100.5,,REGIÓN DEL BIOBÍO,,,,,,broadcast,,,,,,
XQC-038,INFINITA,LOS ANGELES,,-37.438333,-72.382500,,,FM,,96.1,,REGIÓN DEL BIOBÍO,,,,,,broadcast,,,,,,
XQC-046,POSITIVA,LOS ANGELES,,-37.433889,-72.314722,,,FM,,92.7,,REGIÓN DEL BIOBÍO,,,,,,broadcast,,,,,,
XQC-135,SUR,LOS ANGELES,,-37.474444,-72.355000,,,FM,,92.1,,REGIÓN DEL BIOBÍO,,,,,,broadcast,,,,,,
XQC-154,CAMILA,LOS ANGELES,,-37.468889,-72.351389,,,FM,,98.3,,REGIÓN DEL BIOBÍO,,,,,,broadcast,,,,,,
XQC-168,REGINA CHELI,LOS ANGELES,,-37.393056,-72.321389,,,FM,,95.3,,REGIÓN DEL BIOBÍO,,,,,,broadcast,,,,,,
XQC-191,SAN CRISTOBAL,LOS ANGELES,,-37.442222,-72.385000,,,FM,,97.5,,REGIÓN DEL BIOBÍO,,,,,,broadcast,,,,,,
XQC-192,UNIVERSAL,LOS ANGELES,,-37.460278,-72.368611,,,FM,,102.3,,REGIÓN DEL BIOBÍO,,,,,,broadcast,,,,,,
XQC-193,CORAZON,LOS ANGELES,,-37.433889,-72.314722,,,FM,,103.1,,REGIÓN DEL BIOBÍO,,,,,,broadcast,,,,,,
XQC-196,BIO-BIO,LOS ANGELES,,-37.475556,-72.346111,,,FM,,96.7,,REGIÓN DEL BIOBÍO,,,,,,broadcast,,,,,,
XQC-259,PUNTO SIETE,LOS ANGELES,,-37.475556,-72.346111,,,FM,,101.7,,REGIÓN DEL BIOBÍO,,,,,,broadcast,,,,,,
XQC-261,PUDAHUEL,LOS ANGELES,,-37.433889,-72.314722,,,FM,,90.3,,REGIÓN DEL BIOBÍO,,,,,,broadcast,,,,,,
XQC-297,ROMANTICA,LOS ANGELES,,-37.442222,-72.385000,,,FM,,105.7,,REGIÓN DEL BIOBÍO,,,,,,broadcast,,,,,,
CC-153,EL CARBON,CORONEL,,-37.014167,-73.166667,,,AM,,1530,,REGIÓN DEL BIOBÍO,,,,,,broadcast,,,,,,
XQC-085,MATIAS COUSIÑO,LOTA,,-37.085556,-73.166944,,,FM,,106.1,,REGIÓN DEL BIOBÍO,,,,,,broadcast,,,,,,
XQC-229,EL CARBON,CORONEL,,-37.015000,-73.166111,,,FM,,94.1,,REGIÓN DEL BIOBÍO,,,,,,broadcast,,,,,,
XQC-462,FM MAX,LOTA,,-37.086111,-73.159167,,,FM,,95.5,,REGIÓN DEL BIOBÍO,,,,,,broadcast,,,,,,
XQC-493,NUEVO MUNDO,LOTA,,-37.091111,-73.152500,,,FM,,103.3,,REGIÓN DEL BIOBÍO,,,,,,broadcast,,,,,,
XQC-294,DINASTIA,MULCHEN,,-37.727500,-72.229722,,,FM,,90.7,,REGIÓN DEL BIOBÍO,,,,,,broadcast,,,,,,
XQC-319,CORPORACION,MULCHEN,,-37.724722,-72.228611,,,FM,,88.9,,REGIÓN DEL BIOBÍO,,,,,,broadcast,,,,,,
XQC-377,COOPERATIVA2,MULCHEN,,-37.730278,-72.230556,,,FM,,88.5,,REGIÓN DEL BIOBÍO,,,,,,broadcast,,,,,,
XQC-197,POPULAR SANTA MARIA,NACIMIENTO,,-37.497778,-72.668333,,,FM,,95.7,,REGIÓN DEL BIOBÍO,,,,,,broadcast,,,,,,
XQC-536,LANALHUE,CONTULMO,,-38.016944,-73.227500,,,FM,,100.7,,REGIÓN DEL BIOBÍO,,,,,,broadcast,,,,,,
XQC-399,LANALHUE,CAÑETE,,-37.796944,-73.393611,,,FM,,93.7,,REGIÓN DEL BIOBÍO,,,,,,broadcast,,,,,,
XQC-529,UNIVERSIDAD ADVENTISTA,CAÑETE,,-37.802222,-73.402778,,,FM,,97.3,,REGIÓN DEL BIOBÍO,,,,,,broadcast,,,,,,
CC-055,CONCEPCION,HUALPEN,,-36.783333,-73.152500,,,AM,,550,,REGIÓN DEL BIOBÍO,,,,,,broadcast,,,,,,
XQC-053,UNIVERSIDAD ADVENTISTA,TALCAHUANO,,-36.704444,-73.121111,,,FM,,94.5,,REGIÓN DEL BIOBÍO,,,,,,broadcast,,,,,,
XQC-730,NUEVA AURORA,QUILLECO,,-37.476111,-71.896389,,,FM,,99.9,,REGIÓN DEL BIOBÍO,,,,,,broadcast,,,,,,
XQC-497,HOT MUSIC,LOS ANGELES,,-37.551111,-72.301111,,,FM,,105.3,,REGIÓN DEL BIOBÍO,,,,,,broadcast,,,,,,
XQC-114,DOÑA BARBARA,SANTA BARBARA,,-37.648333,-72.031111,,,FM,,91.9,,REGIÓN DEL BIOBÍO,,,,,,broadcast,,,,,,
XQC-578,SABROSITA,SANTA BARBARA,,-37.648611,-72.030000,,,FM,,98.9,,REGIÓN DEL BIOBÍO,,,,,,broadcast,,,,,,
XQC-639,NUEVA AURORA,SANTA BARBARA,,-37.648611,-72.030000,,,FM,,99.5,,REGIÓN DEL BIOBÍO,,,,,,broadcast,,,,,,
XQC-642,MILLARAY,CAÑETE,,-37.797500,-73.399167,,,FM,,105.9,,REGIÓN DEL BIOBÍO,,,,,,broadcast,,,,,,
XQC-337,CATIRAI,SANTA JUANA,,-37.178333,-72.935833,,,FM,,102.5,,REGIÓN DEL BIOBÍO,,,,,,broadcast,,,,,,
XQC-664,CADENA SUR,SANTA JUANA,,-37.179167,-72.930556,,,FM,,100.3,,REGIÓN DEL BIOBÍO,,,,,,broadcast,,,,,,
XQC-609,MILLARAY,CAÑETE,,-37.797500,-73.399167,,,FM,,99.5,,REGIÓN DEL BIOBÍO,,,,,,broadcast,,,,,,
CC-082,ALMIRANTE LATORRE,TALCAHUANO,,-36.727222,-73.098056,,,AM,,820,,REGIÓN DEL BIOBÍO,,,,,,broadcast,,,,,,
CC-146,ARMONIA,HUALPEN,,-36.787500,-73.155000,,,AM,,1460,,REGIÓN DEL BIOBÍO,,,,,,broadcast,,,,,,
XQC-049,ROCK & POP,TALCAHUANO,,-36.771667,-73.093611,,,FM,,93.1,,REGIÓN DEL BIOBÍO,,,,,,broadcast,,,,,,
XQC-099,FM DOS,TALCAHUANO,,-36.771667,-73.093611,,,FM,,101.1,,REGIÓN DEL BIOBÍO,,,,,,broadcast,,,,,,
XQC-384,RADIO W,TALCAHUANO,,-36.706667,-73.124444,,,FM,,102.3,,REGIÓN DEL BIOBÍO,,,,,,broadcast,,,,,,
XQC-420,CORAZON,TALCAHUANO,,-36.706111,-73.124722,,,FM,,96.1,,REGIÓN DEL BIOBÍO,,,,,,broadcast,,,,,,
XQD-014,OCEANIA,TALCAHUANO,,-36.742222,-73.098889,,,FM,,93.7,,REGIÓN DEL BIOBÍO,,,,,,broadcast,,,,,,
XQC-402,PUNTO NUEVE,TIRUA,,-38.348056,-73.493056,,,FM,,89.1,,REGIÓN DEL BIOBÍO,,,,,,broadcast,,,,,,
XQC-617,DON MATIAS,TIRUA,,-38.355000,-73.494167,,,FM,,99.7,,REGIÓN DEL BIOBÍO,,,,,,broadcast,,,,,,
XQC-115,LA RADIO QUE REZA,TOME,,-36.635000,-72.941667,,,FM,,103.5,,REGIÓN DEL BIOBÍO,,,,,,broadcast,,,,,,
XQC-385,ESTILO,TOME,,-36.600556,-72.968889,,,FM,,101.7,,REGIÓN DEL BIOBÍO,,,,,,broadcast,,,,,,
XQC-379,EDELWEISS,CONTULMO,,-38.062500,-73.181944,,,FM,,105.5,,REGIÓN DEL BIOBÍO,,,,,,broadcast,,,,,,
XQC-502,CARAMELO,CONTULMO,,-38.010556,-73.226667,,,FM,,94.7,,REGIÓN DEL BIOBÍO,,,,,,broadcast,,,,,,
XQC-088,CENTINELA,YUMBEL,,-37.094444,-72.565833,,,FM,,93.9,,REGIÓN DEL BIOBÍO,,,,,,broadcast,,,,,,
CD-055,LA VOZ DE LA TIERRA,ANGOL,,-37.817500,-72.634167,,,AM,,550,,REGIÓN DE LA ARAUCANÍA,,,,,,broadcast,,,,,,
CD-108,LOS CONFINES,ANGOL,,-37.808333,-72.661111,,,AM,,1080,,REGIÓN DE LA ARAUCANÍA,,,,,,broadcast,,,,,,
XQD-091,TELEANGOL,ANGOL,,-37.788889,-72.708333,,,FM,,94.9,,REGIÓN DE LA ARAUCANÍA,,,,,,broadcast,,,,,,
XQD-125,ANGOL,ANGOL,,-37.780556,-72.763889,,,FM,,97.1,,REGIÓN DE LA ARAUCANÍA,,,,,,broadcast,,,,,,
XQD-167,ARMONIA,ANGOL,,-37.780278,-72.767500,,,FM,,100.9,,REGIÓN DE LA ARAUCANÍA,,,,,,broadcast,,,,,,
XQD-235,BIO-BIO,ANGOL,,-37.780278,-72.767500,,,FM,,99.7,,REGIÓN DE LA ARAUCANÍA,,,,,,broadcast,,,,,,
XQD-456,EL CONQUISTADOR,ANGOL,,-37.781944,-72.767500,,,FM,,91.1,,REGIÓN DE LA ARAUCANÍA,,,,,,broadcast,,,,,,
XQD-663,EDELWEISS,ANGOL,,-37.793889,-72.735278,,,FM,,100.3,,REGIÓN DE LA ARAUCANÍA,,,,,,broadcast,,,,,,
XQD-676,MIRADOR,ANGOL,,-37.793889,-72.735278,,,FM,,101.5,,REGIÓN DE LA ARAUCANÍA,,,,,,broadcast,,,,,,
XQD-779,MILLARAY,ANGOL,,-37.820278,-72.693611,,,FM,,90.1,,REGIÓN DE LA ARAUCANÍA,,,,,,broadcast,,,,,,
XQD-622,RADIO UNICA,LUMACO,,-38.204444,-72.982222,,,FM,,96.9,,REGIÓN DE LA ARAUCANÍA,,,,,,broadcast,,,,,,
XQD-690,PASTENINA,LUMACO,,-38.225278,-73.003889,,,FM,,95.7,,REGIÓN DE LA ARAUCANÍA,,,,,,broadcast,,,,,,
XQD-069,ANGEL,CARAHUE,,-38.725833,-73.185000,,,FM,,95.3,,REGIÓN DE LA ARAUCANÍA,,,,,,broadcast,,,,,,
XQD-338,LAS COLINAS,CARAHUE,,-38.728889,-73.189444,,,FM,,98.9,,REGIÓN DE LA ARAUCANÍA,,,,,,broadcast,,,,,,
XQD-260,MISION ARAUKANA,CHOLCHOL,,-38.604444,-72.845833,,,FM,,96.3,,REGIÓN DE LA ARAUCANÍA,,,,,,broadcast,,,,,,
XQD-123,VIADUCTO,COLLIPULLI,,-37.958889,-72.436111,,,FM,,101.9,,REGIÓN DE LA ARAUCANÍA,,,,,,broadcast,,,,,,
XQD-581,CORPORACION,COLLIPULLI,,-37.958333,-72.433611,,,FM,,91.5,,REGIÓN DE LA ARAUCANÍA,,,,,,broadcast,,,,,,
XQD-627,ZUMBALE,ERCILLA,,-37.955000,-72.500556,,,FM,,98.5,,REGIÓN DE LA ARAUCANÍA,,,,,,broadcast,,,,,,
XQD-672,MILLARAY,COLLIPULLI,,-37.950556,-72.432500,,,FM,,88.7,,REGIÓN DE LA ARAUCANÍA,,,,,,broadcast,,,,,,
XQD-088,CORDILLERA,CUNCO,,-38.926944,-72.025278,,,FM,,103.1,,REGIÓN DE LA ARAUCANÍA,,,,,,broadcast,,,,,,
XQD-451,CUNCO,CUNCO,,-38.973611,-72.020000,,,FM,,101.1,,REGIÓN DE LA ARAUCANÍA,,,,,,broadcast,,,,,,
XQD-590,MIRADOR,CUNCO,,-39.004444,-71.989167,,,FM,,102.1,,REGIÓN DE LA ARAUCANÍA,,,,,,broadcast,,,,,,
XQD-079,GENESIS,CURACAUTIN,,-38.433333,-71.891667,,,FM,,96.5,,REGIÓN DE LA ARAUCANÍA,,,,,,broadcast,,,,,,
XQD-166,COLECCION,CURACAUTIN,,-38.431111,-71.881944,,,FM,,95.7,,REGIÓN DE LA ARAUCANÍA,,,,,,broadcast,,,,,,
XQD-236,CURACAUTIN,CURACAUTIN,,-38.444444,-71.885278,,,FM,,93.1,,REGIÓN DE LA ARAUCANÍA,,,,,,broadcast,,,,,,
XQD-329,CARLA,CURACAUTIN,,-38.404722,-71.847222,,,FM,,101.1,,REGIÓN DE LA ARAUCANÍA,,,,,,broadcast,,,,,,
XQD-349,MIRADOR,CURACAUTIN,,-38.427500,-71.906389,,,FM,,93.7,,REGIÓN DE LA ARAUCANÍA,,,,,,broadcast,,,,,,
XQD-386,EDELWEISS,CURACAUTIN,,-38.427500,-71.906389,,,FM,,105.3,,REGIÓN DE LA ARAUCANÍA,,,,,,broadcast,,,,,,
XQD-459,UNIVERSIDAD ADVENTISTA,CURACAUTIN,,-38.425556,-71.905833,,,FM,,102.7,,REGIÓN DE LA ARAUCANÍA,,,,,,broadcast,,,,,,
XQD-608,ARMONIA,CURACAUTIN,,-38.405278,-71.843889,,,FM,,91.5,,REGIÓN DE LA ARAUCANÍA,,,,,,broadcast,,,,,,
XQD-350,NGEN,CURARREHUE,,-39.358333,-71.594444,,,FM,,100.3,,REGIÓN DE LA ARAUCANÍA,,,,,,broadcast,,,,,,
XQD-634,RADIO MIA,CURARREHUE,,-39.324444,-71.570833,,,FM,,89.3,,REGIÓN DE LA ARAUCANÍA,,,,,,broadcast,,,,,,
XQD-691,SABROSITA,ERCILLA,,-38.119167,-72.348611,,,FM,,92.9,,REGIÓN DE LA ARAUCANÍA,,,,,,broadcast,,,,,,
XQD-274,MIRADOR,GALVARINO,,-38.386667,-72.844722,,,FM,,93.9,,REGIÓN DE LA ARAUCANÍA,,,,,,broadcast,,,,,,
XQD-698,MIRADOR,GALVARINO,,-38.386667,-72.844722,,,FM,,89.9,,REGIÓN DE LA ARAUCANÍA,,,,,,broadcast,,,,,,
XQD-479,ARMONIA,GORBEA,,-39.075278,-72.731667,,,FM,,104.1,,REGIÓN DE LA ARAUCANÍA,,,,,,broadcast,,,,,,
XQD-564,MIRADOR,GORBEA,,-39.075556,-72.728056,,,FM,,97.5,,REGIÓN DE LA ARAUCANÍA,,,,,,broadcast,,,,,,
XQD-578,MIRADOR,LONQUIMAY,,-38.813611,-71.288889,,,FM,,99.5,,REGIÓN DE LA ARAUCANÍA,,,,,,broadcast,,,,,,
XQD-454,MIRADOR,ERCILLA,,-38.164444,-72.509444,,,FM,,89.1,,REGIÓN DE LA ARAUCANÍA,,,,,,broadcast,,,,,,
CC-116A,BAHA'I,TEMUCO,,-38.765833,-72.765278,,,AM,,1160,,REGIÓN DE LA ARAUCANÍA,,,,,,broadcast,,,,,,
XQD-124,COOPERATIVA,TEMUCO,,-38.751667,-72.582222,,,FM,,103.1,,REGIÓN DE LA ARAUCANÍA,,,,,,broadcast,,,,,,
XQD-472,LOS MENSAJEROS DEL VIENTO,SAAVEDRA,,-38.903889,-73.317222,,,FM,,98.3,,REGIÓN DE LA ARAUCANÍA,,,,,,broadcast,,,,,,
XQD-054,EDELWEISS,PADRE LAS CASAS,,-38.751111,-72.556667,,,FM,,95.1,,REGIÓN DE LA ARAUCANÍA,,,,,,broadcast,,,,,,
XQD-092,MIRADOR,PADRE LAS CASAS,,-38.751111,-72.556389,,,FM,,90.9,,REGIÓN DE LA ARAUCANÍA,,,,,,broadcast,,,,,,
XQD-101,UNIVERSIDAD ADVENTISTA,LAUTARO,,-38.551667,-72.401944,,,FM,,100.1,,REGIÓN DE LA ARAUCANÍA,,,,,,broadcast,,,,,,
XQD-177,MONTECARLO,VILCUN,,-38.696111,-72.445833,,,FM,,97.3,,REGIÓN DE LA ARAUCANÍA,,,,,,broadcast,,,,,,
XQD-884,MONTECARLO,VILLARRICA,,-39.476667,-72.145833,,,FM,,100.9,,REGIÓN DE LA ARAUCANÍA,,,,,,broadcast,,,,,,
XQD-670,PICARONA,VILLARRICA,,-39.371389,-72.196944,,,FM,,97.7,,REGIÓN DE LA ARAUCANÍA,,,,,,broadcast,,,,,,
CD-141,LONCOCHE,LONCOCHE,,-39.360278,-72.607222,,,AM,,1410,,REGIÓN DE LA ARAUCANÍA,,,,,,broadcast,,,,,,
XQD-068,UNIVERSIDAD ADVENTISTA,LONCOCHE,,-39.318611,-72.681111,,,FM,,105.9,,REGIÓN DE LA ARAUCANÍA,,,,,,broadcast,,,,,,
XQD-311,MONTECARLO,LONCOCHE,,-39.331944,-72.741667,,,FM,,94.1,,REGIÓN DE LA ARAUCANÍA,,,,,,broadcast,,,,,,
XQD-344,UNIVERSAL,LONCOCHE,,-39.323056,-72.684167,,,FM,,105.1,,REGIÓN DE LA ARAUCANÍA,,,,,,broadcast,,,,,,
XQD-484,FM GENTE,LONCOCHE,,-39.323333,-72.683333,,,FM,,99.7,,REGIÓN DE LA ARAUCANÍA,,,,,,broadcast,,,,,,
XQD-697,MIRADOR,LONCOCHE,,-39.357500,-72.646111,,,FM,,95.5,,REGIÓN DE LA ARAUCANÍA,,,,,,broadcast,,,,,,
XQD-211,BIO-BIO,LONQUIMAY,,-38.441111,-71.380833,,,FM,,101.5,,REGIÓN DE LA ARAUCANÍA,,,,,,broadcast,,,,,,
XQD-328,COLECCION,LONQUIMAY,,-38.511111,-71.383333,,,FM,,98.1,,REGIÓN DE LA ARAUCANÍA,,,,,,broadcast,,,,,,
XQD-615,MIRADOR,LONQUIMAY,,-38.407222,-71.356944,,,FM,,100.9,,REGIÓN DE LA ARAUCANÍA,,,,,,broadcast,,,,,,
XQD-174,CORDIALISSIMA,LOS SAUCES,,-37.973611,-72.827778,,,FM,,95.5,,REGIÓN DE LA ARAUCANÍA,,,,,,broadcast,,,,,,
XQD-613,NAHUEL,LOS SAUCES,,-37.931111,-72.830556,,,FM,,104.3,,REGIÓN DE LA ARAUCANÍA,,,,,,broadcast,,,,,,
XQD-617,CORPORACION,LOS SAUCES,,-37.973611,-72.827778,,,FM,,92.7,,REGIÓN DE LA ARAUCANÍA,,,,,,broadcast,,,,,,
XQD-695,TELEANGOL,LOS SAUCES,,-37.974444,-72.833056,,,FM,,102.1,,REGIÓN DE LA ARAUCANÍA,,,,,,broadcast,,,,,,
XQD-307,NATIVA,LUMACO,,-38.208333,-72.883333,,,FM,,106.5,,REGIÓN DE LA ARAUCANÍA,,,,,,broadcast,,,,,,
XQD-750,MIRADOR,LUMACO,,-38.168333,-72.854444,,,FM,,99.3,,REGIÓN DE LA ARAUCANÍA,,,,,,broadcast,,,,,,
XQD-365,ARCANGEL,MELIPEUCO,,-38.853889,-71.693611,,,FM,,96.1,,REGIÓN DE LA ARAUCANÍA,,,,,,broadcast,,,,,,
XQD-478,MIRADOR,MELIPEUCO,,-38.818056,-71.710000,,,FM,,88.7,,REGIÓN DE LA ARAUCANÍA,,,,,,broadcast,,,,,,
XQD-352,PARA TI,NUEVA IMPERIAL,,-38.744167,-72.964722,,,FM,,103.5,,REGIÓN DE LA ARAUCANÍA,,,,,,broadcast,,,,,,
XQD-718,MIRADOR,IMPERIAL,,-38.737778,-72.953889,,,FM,,94.9,,REGIÓN DE LA ARAUCANÍA,,,,,,broadcast,,,,,,
XQD-233,SAN ANTONIO,TOLTEN,,-39.170833,-73.148611,,,FM,,100.3,,REGIÓN DE LA ARAUCANÍA,,,,,,broadcast,,,,,,
XQD-273,UNIVERSIDAD ADVENTISTA,ERCILLA,,-38.120833,-72.338889,,,FM,,104.1,,REGIÓN DE LA ARAUCANÍA,,,,,,broadcast,,,,,,
XQD-422,UNIVERSAL,ERCILLA,,-38.119167,-72.348333,,,FM,,102.9,,REGIÓN DE LA ARAUCANÍA,,,,,,broadcast,,,,,,
XQD-645,UNIVERSIDAD ADVENTISTA,LONQUIMAY,,-38.533611,-71.231667,,,FM,,100.5,,REGIÓN DE LA ARAUCANÍA,,,,,,broadcast,,,,,,
XQD-076,FM GENTE,PITRUFQUEN,,-39.017500,-72.566111,,,FM,,90.7,,REGIÓN DE LA ARAUCANÍA,,,,,,broadcast,,,,,,
XQD-157,UNIVERSAL,GORBEA,,-39.051667,-72.753056,,,FM,,94.7,,REGIÓN DE LA ARAUCANÍA,,,,,,broadcast,,,,,,
XQD-545,MIRADOR,VICTORIA,,-38.373056,-72.354167,,,FM,,88.5,,REGIÓN DE LA ARAUCANÍA,,,,,,broadcast,,,,,,
XQD-085,LAGO VILLARRICA,PUCON,,-39.294444,-71.980833,,,FM,,91.5,,REGIÓN DE LA ARAUCANÍA,,,,,,broadcast,,,,,,
XQD-106,EL CONQUISTADOR,PUCON,,-39.321389,-71.982222,,,FM,,98.9,,REGIÓN DE LA ARAUCANÍA,,,,,,broadcast,,,,,,
XQD-214,BIO-BIO,PUCON,,-39.325000,-71.985278,,,FM,,103.7,,REGIÓN DE LA ARAUCANÍA,,,,,,broadcast,,,,,,
XQD-288,MONTECARLO,PUCON,,-39.279722,-71.974722,,,FM,,94.5,,REGIÓN DE LA ARAUCANÍA,,,,,,broadcast,,,,,,
XQD-323,ADN RADIO,PUCON,,-39.324444,-71.984722,,,FM,,102.3,,REGIÓN DE LA ARAUCANÍA,,,,,,broadcast,,,,,,
XQD-447,CONCIERTO,PUCON,,-39.324444,-71.984722,,,FM,,98.1,,REGIÓN DE LA ARAUCANÍA,,,,,,broadcast,,,,,,
XQD-462,PUELCHE,PUCON,,-39.297778,-71.976944,,,FM,,90.5,,REGIÓN DE LA ARAUCANÍA,,,,,,broadcast,,,,,,
XQD-477,PARA TI,PUCON,,-39.330556,-71.985556,,,FM,,95.3,,REGIÓN DE LA ARAUCANÍA,,,,,,broadcast,,,,,,
XQD-496,DIGITAL FM2,PUCON,,-39.299444,-71.981667,,,FM,,90.1,,REGIÓN DE LA ARAUCANÍA,,,,,,broadcast,,,,,,
XQD-511,PICARONA,VILLARRICA,,-39.190278,-72.088333,,,FM,,93.9,,REGIÓN DE LA ARAUCANÍA,,,,,,broadcast,,,,,,
XQD-561,EDELWEISS,PUCON,,-39.300833,-71.981111,,,FM,,96.7,,REGIÓN DE LA ARAUCANÍA,,,,,,broadcast,,,,,,
XQD-588,NATIVA,PUCON,,-39.293611,-71.955278,,,FM,,98.5,,REGIÓN DE LA ARAUCANÍA,,,,,,broadcast,,,,,,
XQD-080,J'HONA,SAAVEDRA,,-38.812778,-73.392222,,,FM,,97.5,,REGIÓN DE LA ARAUCANÍA,,,,,,broadcast,,,,,,
XQD-529,MIRADOR,SAAVEDRA,,-38.740556,-73.329444,,,FM,,90.9,,REGIÓN DE LA ARAUCANÍA,,,,,,broadcast,,,,,,
XQD-121,SIEMPREVIVA,PUREN,,-38.029167,-73.068056,,,FM,,93.3,,REGIÓN DE LA ARAUCANÍA,,,,,,broadcast,,,,,,
XQD-295,PUREN,PUREN,,-38.033333,-73.066389,,,FM,,90.5,,REGIÓN DE LA ARAUCANÍA,,,,,,broadcast,,,,,,
XQD-471,MIRADOR,CONTULMO,,-38.062500,-73.181944,,,FM,,89.5,,REGIÓN DE LA ARAUCANÍA,,,,,,broadcast,,,,,,
XQD-375,MIRADOR,LAUTARO,,-38.551667,-72.401389,,,FM,,89.7,,REGIÓN DE LA ARAUCANÍA,,,,,,broadcast,,,,,,
XQD-387,UNIVERSAL,VICTORIA,,-38.240278,-72.329444,,,FM,,106.1,,REGIÓN DE LA ARAUCANÍA,,,,,,broadcast,,,,,,
XQD-499,ZUMBALE,LOS SAUCES,,-37.934722,-72.953889,,,FM,,92.3,,REGIÓN DE LA ARAUCANÍA,,,,,,broadcast,,,,,,
XQD-632,RADIO MIA,CURARREHUE,,-39.185833,-71.476667,,,FM,,94.9,,REGIÓN DE LA ARAUCANÍA,,,,,,broadcast,,,,,,
XQD-574,FIESTA LATINA,NEGRETE,,-37.626667,-72.601944,,,FM,,92.5,,REGIÓN DE LA ARAUCANÍA,,,,,,broadcast,,,,,,
XQD-708,ARCOIRIS,RENAICO,,-37.674167,-72.590556,,,FM,,89.7,,REGIÓN DE LA ARAUCANÍA,,,,,,broadcast,,,,,,
XQD-453,MIRADOR,VILCUN,,-38.680000,-72.103333,,,FM,,99.7,,REGIÓN DE LA ARAUCANÍA,,,,,,broadcast,,,,,,
CD-064,COOPERATIVA,TEMUCO,,-38.685556,-72.670556,,,AM,,640,,REGIÓN DE LA ARAUCANÍA,,,,,,broadcast,,,,,,
CD-094,PORTALES,TEMUCO,,-38.695000,-72.646944,,,AM,,940,,REGIÓN DE LA ARAUCANÍA,,,,,,broadcast,,,,,,
CD-111,LA FRONTERA,TEMUCO,,-38.695556,-72.648056,,,AM,,1110,,REGIÓN DE LA ARAUCANÍA,,,,,,broadcast,,,,,,
XQD-004,ESPERANZA,TEMUCO,,-38.717778,-72.584444,,,FM,,101.3,,REGIÓN DE LA ARAUCANÍA,,,,,,broadcast,,,,,,
XQD-009,ADN RADIO,TEMUCO,,-38.713611,-72.580556,,,FM,,92.1,,REGIÓN DE LA ARAUCANÍA,,,,,,broadcast,,,,,,
XQD-030,POSITIVA,TEMUCO,,-38.750000,-72.575000,,,FM,,98.5,,REGIÓN DE LA ARAUCANÍA,,,,,,broadcast,,,,,,
XQD-039,CORAZON,TEMUCO,,-38.717778,-72.583611,,,FM,,105.7,,REGIÓN DE LA ARAUCANÍA,,,,,,broadcast,,,,,,
XQD-041,HORIZONTE,TEMUCO,,-38.713333,-72.580278,,,FM,,94.3,,REGIÓN DE LA ARAUCANÍA,,,,,,broadcast,,,,,,
XQD-047,PUNTO SIETE,TEMUCO,,-38.714444,-72.581111,,,FM,,101.7,,REGIÓN DE LA ARAUCANÍA,,,,,,broadcast,,,,,,
XQD-048,FM DOS,TEMUCO,,-38.713611,-72.580833,,,FM,,99.5,,REGIÓN DE LA ARAUCANÍA,,,,,,broadcast,,,,,,
XQD-051,FUTURO,TEMUCO,,-38.717778,-72.583611,,,FM,,104.7,,REGIÓN DE LA ARAUCANÍA,,,,,,broadcast,,,,,,
XQD-057,EL CONQUISTADOR,TEMUCO,,-38.715000,-72.581111,,,FM,,100.7,,REGIÓN DE LA ARAUCANÍA,,,,,,broadcast,,,,,,
XQD-058,UNIV. DE LA FRONTERA,TEMUCO,,-38.717500,-72.584167,,,FM,,89.3,,REGIÓN DE LA ARAUCANÍA,,,,,,broadcast,,,,,,
XQD-062,ROCK & POP,TEMUCO,,-38.712500,-72.580000,,,FM,,93.5,,REGIÓN DE LA ARAUCANÍA,,,,,,broadcast,,,,,,
XQD-073,AGRICULTURA,TEMUCO,,-38.717500,-72.582778,,,FM,,103.9,,REGIÓN DE LA ARAUCANÍA,,,,,,broadcast,,,,,,
XQD-077,PUDAHUEL,TEMUCO,,-38.717778,-72.583611,,,FM,,90.3,,REGIÓN DE LA ARAUCANÍA,,,,,,broadcast,,,,,,
XQD-082,BIO-BIO,TEMUCO,,-38.714444,-72.581111,,,FM,,88.1,,REGIÓN DE LA ARAUCANÍA,,,,,,broadcast,,,,,,
XQD-087,CAROLINA,TEMUCO,,-38.713611,-72.580833,,,FM,,106.3,,REGIÓN DE LA ARAUCANÍA,,,,,,broadcast,,,,,,
XQD-111,40 PRINCIPALES,TEMUCO,,-38.752222,-72.581944,,,FM,,92.9,,REGIÓN DE LA ARAUCANÍA,,,,,,broadcast,,,,,,
XQD-112,INFINITA,TEMUCO,,-38.712778,-72.579444,,,FM,,91.3,,REGIÓN DE LA ARAUCANÍA,,,,,,broadcast,,,,,,
XQD-154,ROMANTICA,TEMUCO,,-38.713611,-72.581389,,,FM,,102.5,,REGIÓN DE LA ARAUCANÍA,,,,,,broadcast,,,,,,
XQD-195,PAUTA,TEMUCO,,-38.713333,-72.580556,,,FM,,96.7,,REGIÓN DE LA ARAUCANÍA,,,,,,broadcast,,,,,,
XQD-254,ACTIVA,TEMUCO,,-38.718056,-72.583056,,,FM,,95.5,,REGIÓN DE LA ARAUCANÍA,,,,,,broadcast,,,,,,
XQD-681,MIRADOR,TEODORO SCHMIDT,,-38.993333,-73.029444,,,FM,,99.1,,REGIÓN DE LA ARAUCANÍA,,,,,,broadcast,,,,,,
XQD-316,CADENA AZUL,ANGOL,,-37.788889,-72.708333,,,FM,,103.9,,REGIÓN DE LA ARAUCANÍA,,,,,,broadcast,,,,,,
XQD-384,CARAMELO,ANGOL,,-37.788889,-72.708333,,,FM,,93.1,,REGIÓN DE LA ARAUCANÍA,,,,,,broadcast,,,,,,
XQD-116,GRANEROS,TRAIGUEN,,-38.243611,-72.664167,,,FM,,101.3,,REGIÓN DE LA ARAUCANÍA,,,,,,broadcast,,,,,,
XQD-139,ESTEFANIA,TRAIGUEN,,-38.252778,-72.657222,,,FM,,102.9,,REGIÓN DE LA ARAUCANÍA,,,,,,broadcast,,,,,,
XQD-393,EDELWEISS,TRAIGUEN,,-38.257778,-72.650556,,,FM,,91.7,,REGIÓN DE LA ARAUCANÍA,,,,,,broadcast,,,,,,
XQD-677,MIRADOR,TRAIGUEN,,-38.257778,-72.650556,,,FM,,98.7,,REGIÓN DE LA ARAUCANÍA,,,,,,broadcast,,,,,,
XQD-593,MIRADOR,CARAHUE,,-38.656944,-73.327778,,,FM,,90.1,,REGIÓN DE LA ARAUCANÍA,,,,,,broadcast,,,,,,
XQD-600,MIRADOR,CARAHUE,,-38.656944,-73.327778,,,FM,,93.3,,REGIÓN DE LA ARAUCANÍA,,,,,,broadcast,,,,,,
XQD-710,MIRADOR,LONQUIMAY,,-38.266389,-71.309722,,,FM,,92.7,,REGIÓN DE LA ARAUCANÍA,,,,,,broadcast,,,,,,
CD-149,MALLECO,VICTORIA,,-38.230278,-72.314167,,,AM,,1490,,REGIÓN DE LA ARAUCANÍA,,,,,,broadcast,,,,,,
XQD-286,CARLA,VICTORIA,,-38.241389,-72.335556,,,FM,,97.7,,REGIÓN DE LA ARAUCANÍA,,,,,,broadcast,,,,,,
XQD-419,EDELWEISS,VICTORIA,,-38.240556,-72.317222,,,FM,,103.7,,REGIÓN DE LA ARAUCANÍA,,,,,,broadcast,,,,,,
XQD-440,NUEVO MUNDO,ERCILLA,,-38.120833,-72.338889,,,FM,,105.5,,REGIÓN DE LA ARAUCANÍA,,,,,,broadcast,,,,,,
XQD-523,POSITIVA,VICTORIA,,-38.240833,-72.337500,,,FM,,98.1,,REGIÓN DE LA ARAUCANÍA,,,,,,broadcast,,,,,,
XQD-616,TELEANGOL,VICTORIA,,-38.240556,-72.330278,,,FM,,96.1,,REGIÓN DE LA ARAUCANÍA,,,,,,broadcast,,,,,,
XQD-184,ENTRETENIDA,VILCUN,,-38.641111,-72.243889,,,FM,,92.5,,REGIÓN DE LA ARAUCANÍA,,,,,,broadcast,,,,,,
XQD-306,PEWEN FM,VILCUN,,-38.650000,-72.208333,,,FM,,88.9,,REGIÓN DE LA ARAUCANÍA,,,,,,broadcast,,,,,,
CD-156,PARQUE NACIONAL,VILLARRICA,,-39.270556,-72.242778,,,AM,,1560,,REGIÓN DE LA ARAUCANÍA,,,,,,broadcast,,,,,,
XQD-037,ADN RADIO,VILLARRICA,,-39.290000,-72.222778,,,FM,,97.1,,REGIÓN DE LA ARAUCANÍA,,,,,,broadcast,,,,,,
XQD-050,CAROLINA,VILLARRICA,,-39.279167,-72.239444,,,FM,,99.9,,REGIÓN DE LA ARAUCANÍA,,,,,,broadcast,,,,,,
XQD-122,PUDAHUEL,VILLARRICA,,-39.301111,-72.230833,,,FM,,89.7,,REGIÓN DE LA ARAUCANÍA,,,,,,broadcast,,,,,,
XQD-162,40 PRINCIPALES,VILLARRICA,,-39.301111,-72.230833,,,FM,,89.1,,REGIÓN DE LA ARAUCANÍA,,,,,,broadcast,,,,,,
XQD-206,PUNTO SIETE,VILLARRICA,,-39.289444,-72.237222,,,FM,,88.5,,REGIÓN DE LA ARAUCANÍA,,,,,,broadcast,,,,,,
XQD-247,UNIVERSAL,VILLARRICA,,-39.375000,-72.200278,,,FM,,104.3,,REGIÓN DE LA ARAUCANÍA,,,,,,broadcast,,,,,,
XQD-265,FM DOS,VILLARRICA,,-39.301111,-72.230556,,,FM,,106.5,,REGIÓN DE LA ARAUCANÍA,,,,,,broadcast,,,,,,
XQD-280,MONTECARLO,VILLARRICA,,-39.285000,-72.235000,,,FM,,105.5,,REGIÓN DE LA ARAUCANÍA,,,,,,broadcast,,,,,,
XQD-280R,MONTECARLO,VILLARRICA,,-39.285000,-72.235000,,,FM,,105.5,,REGIÓN DE LA ARAUCANÍA,,,,,,broadcast,,,,,,
XQD-321,40 PRINCIPALES,VILLARRICA,,-39.297778,-72.228056,,,FM,,99.3,,REGIÓN DE LA ARAUCANÍA,,,,,,broadcast,,,,,,
XQD-399,POSITIVA,VILLARRICA,,-39.301667,-72.230556,,,FM,,95.7,,REGIÓN DE LA ARAUCANÍA,,,,,,broadcast,,,,,,
XQD-446,FM HIT,VILLARRICA,,-39.290000,-72.222778,,,FM,,100.5,,REGIÓN DE LA ARAUCANÍA,,,,,,broadcast,,,,,,
XQD-208,FM SIEMPRE,CORRAL,,-39.886667,-73.424444,,,FM,,94.3,,REGIÓN DE LOS RÍOS,,,,,,broadcast,,,,,,
XQD-314,ARMONIA,CORRAL,,-39.897778,-73.418889,,,FM,,96.7,,REGIÓN DE LOS RÍOS,,,,,,broadcast,,,,,,
XQD-368,ROMANCE,VALDIVIA,,-39.841667,-73.356944,,,FM,,98.9,,REGIÓN DE LOS RÍOS,,,,,,broadcast,,,,,,
XQD-562,CORPORACION,CORRAL,,-39.894167,-73.415833,,,FM,,100.9,,REGIÓN DE LOS RÍOS,,,,,,broadcast,,,,,,
XQD-102,DEL LAGO,FUTRONO,,-40.126944,-72.366389,,,FM,,93.3,,REGIÓN DE LOS RÍOS,,,,,,broadcast,,,,,,
XQD-435,ADN RADIO,FUTRONO,,-40.126111,-72.366667,,,FM,,89.3,,REGIÓN DE LOS RÍOS,,,,,,broadcast,,,,,,
XQD-524,ARMONIA,FUTRONO,,-40.126111,-72.366667,,,FM,,105.9,,REGIÓN DE LOS RÍOS,,,,,,broadcast,,,,,,
CD-082,CONCORDIA,LA UNION,,-40.268611,-73.067778,,,AM,,820,,REGIÓN DE LOS RÍOS,,,,,,broadcast,,,,,,
XQD-064,UNIVERSIDAD ADVENTISTA,LA UNION,,-40.242778,-73.069444,,,FM,,102.5,,REGIÓN DE LOS RÍOS,,,,,,broadcast,,,,,,
XQD-072,TORNAGALEONES,LA UNION,,-40.301389,-73.051389,,,FM,,106.1,,REGIÓN DE LOS RÍOS,,,,,,broadcast,,,,,,
XQD-256,RADIO 1 LATINA,LA UNION,,-40.262778,-73.060278,,,FM,,88.1,,REGIÓN DE LOS RÍOS,,,,,,broadcast,,,,,,
XQD-313,MONTECARLO,LA UNION,,-40.207778,-73.145556,,,FM,,91.5,,REGIÓN DE LOS RÍOS,,,,,,broadcast,,,,,,
XQD-525,FM VIDA,LA UNION,,-40.217500,-73.089444,,,FM,,95.9,,REGIÓN DE LOS RÍOS,,,,,,broadcast,,,,,,
XQD-257,LAGO RANCO,LAGO RANCO,,-40.333889,-72.472500,,,FM,,96.9,,REGIÓN DE LOS RÍOS,,,,,,broadcast,,,,,,
XQD-333,PARAISO FM,LAGO RANCO,,-40.333333,-72.468333,,,FM,,99.1,,REGIÓN DE LOS RÍOS,,,,,,broadcast,,,,,,
XQD-353,MONTECARLO,LAGO RANCO,,-40.332778,-72.466667,,,FM,,92.9,,REGIÓN DE LOS RÍOS,,,,,,broadcast,,,,,,
XQD-402,RADIO CANAL1,LAGO RANCO,,-40.343889,-72.485833,,,FM,,89.9,,REGIÓN DE LOS RÍOS,,,,,,broadcast,,,,,,
XQD-100,LANCO,LANCO,,-39.468889,-72.779444,,,FM,,104.3,,REGIÓN DE LOS RÍOS,,,,,,broadcast,,,,,,
XQD-143,FRATERNA,LANCO,,-39.476667,-72.781667,,,FM,,106.7,,REGIÓN DE LOS RÍOS,,,,,,broadcast,,,,,,
XQD-370,NUEVO MUNDO,LANCO,,-39.433056,-72.793056,,,FM,,93.3,,REGIÓN DE LOS RÍOS,,,,,,broadcast,,,,,,
XQD-517,ESPERANZA,LANCO,,-39.468889,-72.779444,,,FM,,96.7,,REGIÓN DE LOS RÍOS,,,,,,broadcast,,,,,,
XQD-614,ARMONIA,LANCO,,-39.480278,-72.775278,,,FM,,97.7,,REGIÓN DE LOS RÍOS,,,,,,broadcast,,,,,,
XQD-757,SABROSITA,MARIQUINA,,-39.455000,-72.866944,,,FM,,103.1,,REGIÓN DE LOS RÍOS,,,,,,broadcast,,,,,,
XQD-650,PICARONA,PANGUIPULLI,,-39.754722,-71.864167,,,FM,,104.5,,REGIÓN DE LOS RÍOS,,,,,,broadcast,,,,,,
XQD-081,ATRACTIVA,LOS LAGOS,,-39.861944,-72.840556,,,FM,,101.3,,REGIÓN DE LOS RÍOS,,,,,,broadcast,,,,,,
XQD-128,LOS LAGOS,LOS LAGOS,,-39.846389,-72.830833,,,FM,,93.7,,REGIÓN DE LOS RÍOS,,,,,,broadcast,,,,,,
XQD-351,BIO-BIO,LOS LAGOS,,-39.863889,-72.843333,,,FM,,91.5,,REGIÓN DE LOS RÍOS,,,,,,broadcast,,,,,,
XQD-760,SABROSITA,LOS LAGOS,,-39.850000,-72.847778,,,FM,,94.3,,REGIÓN DE LOS RÍOS,,,,,,broadcast,,,,,,
XQD-120,NIEBLA,MAFIL,,-39.662222,-72.954722,,,FM,,95.1,,REGIÓN DE LOS RÍOS,,,,,,broadcast,,,,,,
XQD-309,MARITIMA,MARIQUINA,,-39.430556,-73.211111,,,FM,,102.7,,REGIÓN DE LOS RÍOS,,,,,,broadcast,,,,,,
XQD-347,INICIA RADIO,PANGUIPULLI,,-39.615556,-72.379722,,,FM,,92.3,,REGIÓN DE LOS RÍOS,,,,,,broadcast,,,,,,
XQD-400,ESTILO,VALDIVIA,,-39.824444,-73.270833,,,FM,,104.7,,REGIÓN DE LOS RÍOS,,,,,,broadcast,,,,,,
XQD-134,DIFERENCIA,PAILLACO,,-40.120833,-72.923611,,,FM,,95.3,,REGIÓN DE LOS RÍOS,,,,,,broadcast,,,,,,
XQD-135,MI RADIO,PAILLACO,,-40.111111,-72.906944,,,FM,,90.5,,REGIÓN DE LOS RÍOS,,,,,,broadcast,,,,,,
CD-134,PANGUIPULLI,PANGUIPULLI,,-39.640833,-72.334722,,,AM,,1340,,REGIÓN DE LOS RÍOS,,,,,,broadcast,,,,,,
XQD-046,MEXICO,PANGUIPULLI,,-39.628611,-72.340278,,,FM,,98.3,,REGIÓN DE LOS RÍOS,,,,,,broadcast,,,,,,
XQD-107,LAGOS DEL SUR,PANGUIPULLI,,-39.647222,-72.330556,,,FM,,103.7,,REGIÓN DE LOS RÍOS,,,,,,broadcast,,,,,,
XQD-281,OMEGA,PANGUIPULLI,,-39.571944,-72.199444,,,FM,,96.3,,REGIÓN DE LOS RÍOS,,,,,,broadcast,,,,,,
XQD-320,SAN SEBASTIAN,PANGUIPULLI,,-39.618056,-72.345833,,,FM,,90.3,,REGIÓN DE LOS RÍOS,,,,,,broadcast,,,,,,
XQD-560,CORPORACION,PANGUIPULLI,,-39.636111,-72.324167,,,FM,,94.3,,REGIÓN DE LOS RÍOS,,,,,,broadcast,,,,,,
XQD-504,ACUSTICA,PANGUIPULLI,,-39.646944,-72.189444,,,FM,,101.5,,REGIÓN DE LOS RÍOS,,,,,,broadcast,,,,,,
XQD-155,ENTRE RIOS,RIO BUENO,,-40.328056,-72.935833,,,FM,,104.9,,REGIÓN DE LOS RÍOS,,,,,,broadcast,,,,,,
XQD-163,FELINNA,RIO BUENO,,-40.336389,-72.960278,,,FM,,103.9,,REGIÓN DE LOS RÍOS,,,,,,broadcast,,,,,,
XQD-403,RAYEN,RIO BUENO,,-40.343333,-72.973889,,,FM,,94.1,,REGIÓN DE LOS RÍOS,,,,,,broadcast,,,,,,
XQD-105,ARMONIA,SAN JOSE DE LA MARIQUINA,,-39.529444,-72.960278,,,FM,,101.1,,REGIÓN DE LOS RÍOS,,,,,,broadcast,,,,,,
XQD-234,MADRE DE DIOS,MARIQUINA,,-39.531944,-72.957500,,,FM,,96.1,,REGIÓN DE LOS RÍOS,,,,,,broadcast,,,,,,
CD-097,AUSTRAL,VALDIVIA,,-39.852500,-73.225556,,,AM,,970,,REGIÓN DE LOS RÍOS,,,,,,broadcast,,,,,,
XQD-021,CORAZON,VALDIVIA,,-39.812500,-73.151667,,,FM,,97.3,,REGIÓN DE LOS RÍOS,,,,,,broadcast,,,,,,
XQD-022,PUDAHUEL,VALDIVIA,,-39.812222,-73.147778,,,FM,,92.5,,REGIÓN DE LOS RÍOS,,,,,,broadcast,,,,,,
XQD-028,TORNAGALEONES,VALDIVIA,,-39.816667,-73.177778,,,FM,,105.3,,REGIÓN DE LOS RÍOS,,,,,,broadcast,,,,,,
XQD-059,UNIVERSIDAD AUSTRAL,VALDIVIA,,-39.816667,-73.233333,,,FM,,90.1,,REGIÓN DE LOS RÍOS,,,,,,broadcast,,,,,,
XQD-103,EL CONQUISTADOR,VALDIVIA,,-39.813056,-73.152222,,,FM,,95.7,,REGIÓN DE LOS RÍOS,,,,,,broadcast,,,,,,
XQD-131,FM DOS,VALDIVIA,,-39.812222,-73.147778,,,FM,,100.5,,REGIÓN DE LOS RÍOS,,,,,,broadcast,,,,,,
XQD-132,ADONAY,VALDIVIA,,-39.824444,-73.267778,,,FM,,106.7,,REGIÓN DE LOS RÍOS,,,,,,broadcast,,,,,,
XQD-133,IMAGINA,VALDIVIA,,-39.812222,-73.147778,,,FM,,106.1,,REGIÓN DE LOS RÍOS,,,,,,broadcast,,,,,,
XQD-136,UNIVERSO,VALDIVIA,,-39.824444,-73.270833,,,FM,,99.9,,REGIÓN DE LOS RÍOS,,,,,,broadcast,,,,,,
XQD-156,GENOVEVA,VALDIVIA,,-39.760000,-73.167500,,,FM,,101.7,,REGIÓN DE LOS RÍOS,,,,,,broadcast,,,,,,
XQD-164,ARMONIA,VALDIVIA,,-39.823056,-73.239722,,,FM,,94.9,,REGIÓN DE LOS RÍOS,,,,,,broadcast,,,,,,
XQD-175,DIGITAL FM,VALDIVIA,,-39.811944,-73.148333,,,FM,,89.5,,REGIÓN DE LOS RÍOS,,,,,,broadcast,,,,,,
XQD-182,HIT 40,VALDIVIA,,-39.812222,-73.147778,,,FM,,99.3,,REGIÓN DE LOS RÍOS,,,,,,broadcast,,,,,,
XQD-207,BIO-BIO,VALDIVIA,,-39.822778,-73.239722,,,FM,,88.9,,REGIÓN DE LOS RÍOS,,,,,,broadcast,,,,,,
XQD-250A,ADN RADIO,VALDIVIA,,-39.815278,-73.146111,,,FM,,104.1,,REGIÓN DE LOS RÍOS,,,,,,broadcast,,,,,,
XQD-251A,ROCK & POP,VALDIVIA,,-39.812222,-73.147778,,,FM,,102.3,,REGIÓN DE LOS RÍOS,,,,,,broadcast,,,,,,
XQD-276,INFINITA,VALDIVIA,,-39.812222,-73.147778,,,FM,,103.3,,REGIÓN DE LOS RÍOS,,,,,,broadcast,,,,,,
XQD-385,POSITIVA,VALDIVIA,,-39.812222,-73.147778,,,FM,,98.5,,REGIÓN DE LOS RÍOS,,,,,,broadcast,,,,,,
XQD-423,INICIA RADIO,VALDIVIA,,-39.812222,-73.147778,,,FM,,105.7,,REGIÓN DE LOS RÍOS,,,,,,broadcast,,,,,,
XQD-473,NUEVO MUNDO,VALDIVIA,,-39.824444,-73.270833,,,FM,,92.1,,REGIÓN DE LOS RÍOS,,,,,,broadcast,,,,,,
XQD-485,PARA TI,VALDIVIA,,-39.812222,-73.147778,,,FM,,102.9,,REGIÓN DE LOS RÍOS,,,,,,broadcast,,,,,,
XQD-494,NAHUEL,QUINCHAO,,-42.472778,-73.478889,,,FM,,94.7,,REGIÓN DE LOS LAGOS,,,,,,broadcast,,,,,,
XQD-066,PUDAHUEL,ANCUD,,-41.891667,-73.837500,,,FM,,93.7,,REGIÓN DE LOS LAGOS,,,,,,broadcast,,,,,,
XQD-183,BIO-BIO,ANCUD,,-41.897500,-73.840556,,,FM,,99.3,,REGIÓN DE LOS LAGOS,,,,,,broadcast,,,,,,
XQD-248,COOPERATIVA,ANCUD,,-41.858889,-73.816667,,,FM,,97.3,,REGIÓN DE LOS LAGOS,,,,,,broadcast,,,,,,
XQD-253,PUNTO SIETE,ANCUD,,-41.894722,-73.837500,,,FM,,103.7,,REGIÓN DE LOS LAGOS,,,,,,broadcast,,,,,,
XQD-312,MONTECARLO,ANCUD,,-41.897500,-73.840556,,,FM,,96.7,,REGIÓN DE LOS LAGOS,,,,,,broadcast,,,,,,
XQD-322,ADN RADIO,ANCUD,,-41.895556,-73.840556,,,FM,,106.5,,REGIÓN DE LOS LAGOS,,,,,,broadcast,,,,,,
XQD-356,ROMANCE,ANCUD,,-41.858889,-73.816667,,,FM,,104.7,,REGIÓN DE LOS LAGOS,,,,,,broadcast,,,,,,
XQD-379,COOPERATIVA,ANCUD,,-41.858889,-73.816667,,,FM,,99.9,,REGIÓN DE LOS LAGOS,,,,,,broadcast,,,,,,
XQD-426,ESTRELLA DEL MAR,ANCUD,,-41.888889,-73.850000,,,FM,,92.5,,REGIÓN DE LOS LAGOS,,,,,,broadcast,,,,,,
XQD-444,EL CONQUISTADOR,ANCUD,,-41.886944,-73.815000,,,FM,,91.9,,REGIÓN DE LOS LAGOS,,,,,,broadcast,,,,,,
XQD-483,NUEVO MUNDO,ANCUD,,-41.855833,-73.816667,,,FM,,94.5,,REGIÓN DE LOS LAGOS,,,,,,broadcast,,,,,,
XQD-488,ARMONIA,ANCUD,,-41.894722,-73.837500,,,FM,,93.1,,REGIÓN DE LOS LAGOS,,,,,,broadcast,,,,,,
XQD-516,CORPORACION,ANCUD,,-41.858889,-73.816667,,,FM,,89.7,,REGIÓN DE LOS LAGOS,,,,,,broadcast,,,,,,
XQD-585,AZUCAR,ANCUD,,-41.865000,-73.808333,,,FM,,101.7,,REGIÓN DE LOS LAGOS,,,,,,broadcast,,,,,,
XQD-685,QUELLON,ANCUD,,-41.892778,-73.848889,,,FM,,88.5,,REGIÓN DE LOS LAGOS,,,,,,broadcast,,,,,,
XQD-775,ESPERANZA,ANCUD,,-41.865000,-73.808056,,,FM,,90.1,,REGIÓN DE LOS LAGOS,,,,,,broadcast,,,,,,
XQD-694,SABROSITA,SAN JUAN DE LA COSTA,,-40.588889,-73.730278,,,FM,,95.7,,REGIÓN DE LOS LAGOS,,,,,,broadcast,,,,,,
XQD-526,ENERGIA CHILOE,ANCUD,,-41.861389,-73.808056,,,FM,,102.1,,REGIÓN DE LOS LAGOS,,,,,,broadcast,,,,,,
XQD-052,AMIGA,CALBUCO,,-41.764722,-73.139444,,,FM,,100.7,,REGIÓN DE LOS LAGOS,,,,,,broadcast,,,,,,
XQD-527,CALBUCO,CALBUCO,,-41.768333,-73.126667,,,FM,,90.3,,REGIÓN DE LOS LAGOS,,,,,,broadcast,,,,,,
XQD-559,CARAMELO,ANCUD,,-41.861667,-73.804722,,,FM,,96.1,,REGIÓN DE LOS LAGOS,,,,,,broadcast,,,,,,
CD-103,CHILOE,CASTRO,,-42.452222,-73.766111,,,AM,,1030,,REGIÓN DE LOS LAGOS,,,,,,broadcast,,,,,,
CD-109,IMAGEN MR,CASTRO,,-42.460556,-73.779722,,,AM,,1090,,REGIÓN DE LOS LAGOS,,,,,,broadcast,,,,,,
XQD-003,MARTIN RUIZ DE GAMBOA,CASTRO,,-42.477222,-73.763889,,,FM,,90.1,,REGIÓN DE LOS LAGOS,,,,,,broadcast,,,,,,
XQD-025,IMAGEN MR,CASTRO,,-42.467500,-73.808333,,,FM,,88.3,,REGIÓN DE LOS LAGOS,,,,,,broadcast,,,,,,
XQD-140,ESTRELLA DEL MAR,CASTRO,,-42.476944,-73.838611,,,FM,,91.3,,REGIÓN DE LOS LAGOS,,,,,,broadcast,,,,,,
XQD-204,NAHUEL,CASTRO,,-42.481389,-73.841944,,,FM,,94.5,,REGIÓN DE LOS LAGOS,,,,,,broadcast,,,,,,
XQD-227,BIO-BIO,CASTRO,,-42.481389,-73.841944,,,FM,,89.3,,REGIÓN DE LOS LAGOS,,,,,,broadcast,,,,,,
XQD-249A,ENERGIA,CASTRO,,-42.481111,-73.840556,,,FM,,103.3,,REGIÓN DE LOS LAGOS,,,,,,broadcast,,,,,,
XQD-279,INICIA RADIO,CASTRO,,-42.481389,-73.841944,,,FM,,97.9,,REGIÓN DE LOS LAGOS,,,,,,broadcast,,,,,,
XQD-340,EL CONQUISTADOR,CASTRO,,-42.482222,-73.842500,,,FM,,101.5,,REGIÓN DE LOS LAGOS,,,,,,broadcast,,,,,,
XQD-357,ROMANCE,CASTRO,,-42.466944,-73.783611,,,FM,,106.7,,REGIÓN DE LOS LAGOS,,,,,,broadcast,,,,,,
XQD-382,ARMONIA,CASTRO,,-42.481111,-73.840556,,,FM,,92.1,,REGIÓN DE LOS LAGOS,,,,,,broadcast,,,,,,
XQD-398,TORNAGALEONES,CASTRO,,-42.481389,-73.841944,,,FM,,101.1,,REGIÓN DE LOS LAGOS,,,,,,broadcast,,,,,,
XQD-421,MARANATA,CASTRO,,-42.469167,-73.808611,,,FM,,94.1,,REGIÓN DE LOS LAGOS,,,,,,broadcast,,,,,,
XQD-436,CAROLINA,CASTRO,,-42.469167,-73.808611,,,FM,,102.9,,REGIÓN DE LOS LAGOS,,,,,,broadcast,,,,,,
XQD-443,UNIVERSIDAD ADVENTISTA,CASTRO,,-42.481389,-73.841944,,,FM,,92.7,,REGIÓN DE LOS LAGOS,,,,,,broadcast,,,,,,
XQD-445,PARA TI,CASTRO,,-42.482222,-73.842500,,,FM,,100.1,,REGIÓN DE LOS LAGOS,,,,,,broadcast,,,,,,
XQD-492,QUELLON,CASTRO,,-42.499722,-73.837778,,,FM,,98.7,,REGIÓN DE LOS LAGOS,,,,,,broadcast,,,,,,
XQD-514,POSITIVA,CASTRO,,-42.481111,-73.840556,,,FM,,105.7,,REGIÓN DE LOS LAGOS,,,,,,broadcast,,,,,,
XQD-726,AZUCAR,CASTRO,,-42.463611,-73.758611,,,FM,,88.7,,REGIÓN DE LOS LAGOS,,,,,,broadcast,,,,,,
XQD-216,ESTRELLA DEL MAR,CHAITEN,,-42.919722,-72.705556,,,FM,,97.1,,REGIÓN DE LOS LAGOS,,,,,,broadcast,,,,,,
XQD-272,"105,7 FM",CHAITEN,,-42.909444,-72.710833,,,FM,,105.7,,REGIÓN DE LOS LAGOS,,,,,,broadcast,,,,,,
XQD-367,SAN CARLOS,CHONCHI,,-42.560000,-73.780556,,,FM,,105.1,,REGIÓN DE LOS LAGOS,,,,,,broadcast,,,,,,
XQD-430,NUEVO MUNDO,CHONCHI,,-42.531111,-73.842500,,,FM,,90.5,,REGIÓN DE LOS LAGOS,,,,,,broadcast,,,,,,
XQD-571,NAHUEL,CHONCHI,,-42.547500,-73.773611,,,FM,,100.7,,REGIÓN DE LOS LAGOS,,,,,,broadcast,,,,,,
XQD-487,COCHAMO,COCHAMO,,-41.488056,-72.304444,,,FM,,88.7,,REGIÓN DE LOS LAGOS,,,,,,broadcast,,,,,,
XQD-674,VIVA COCHAMO,COCHAMO,,-41.492500,-72.307222,,,FM,,97.3,,REGIÓN DE LOS LAGOS,,,,,,broadcast,,,,,,
XQD-532,NAHUEL,CURACO DE VELEZ,,-42.428889,-73.557500,,,FM,,100.5,,REGIÓN DE LOS LAGOS,,,,,,broadcast,,,,,,
XQD-188,DALCAHUE,DALCAHUE,,-42.375556,-73.664167,,,FM,,95.9,,REGIÓN DE LOS LAGOS,,,,,,broadcast,,,,,,
XQD-348,C Y S,DALCAHUE,,-42.355556,-73.649167,,,FM,,93.3,,REGIÓN DE LOS LAGOS,,,,,,broadcast,,,,,,
XQD-369,TEPUAL,PUERTO VARAS,,-41.201389,-72.533889,,,FM,,97.3,,REGIÓN DE LOS LAGOS,,,,,,broadcast,,,,,,
XQD-482,ACOGIDA,PUYEHUE,,-40.683889,-72.581389,,,FM,,100.9,,REGIÓN DE LOS LAGOS,,,,,,broadcast,,,,,,
XQD-651,SABROSITA,PUYEHUE,,-40.685556,-72.594722,,,FM,,91.5,,REGIÓN DE LOS LAGOS,,,,,,broadcast,,,,,,
XQD-034,SAN GABRIEL,FRESIA,,-41.172500,-73.417778,,,FM,,96.3,,REGIÓN DE LOS LAGOS,,,,,,broadcast,,,,,,
XQD-493,NUEVO AMANECER,FRESIA,,-41.166667,-73.415278,,,FM,,93.3,,REGIÓN DE LOS LAGOS,,,,,,broadcast,,,,,,
XQD-042,ACOGIDA,FRUTILLAR,,-41.119167,-73.048056,,,FM,,99.3,,REGIÓN DE LOS LAGOS,,,,,,broadcast,,,,,,
XQD-470,FRUTILLAR,FRUTILLAR,,-41.119167,-73.048056,,,FM,,90.5,,REGIÓN DE LOS LAGOS,,,,,,broadcast,,,,,,
XQD-495,ARMONIA,FRUTILLAR,,-41.124167,-73.048333,,,FM,,93.9,,REGIÓN DE LOS LAGOS,,,,,,broadcast,,,,,,
XQD-203,ESTRELLA DEL MAR,FUTALEUFU,,-43.182500,-71.862778,,,FM,,92.3,,REGIÓN DE LOS LAGOS,,,,,,broadcast,,,,,,
XQD-639,UNIVERSIDAD ADVENTISTA,FUTALEUFU,,-43.188056,-71.862222,,,FM,,103.3,,REGIÓN DE LOS LAGOS,,,,,,broadcast,,,,,,
XQD-486,HUALAIHUE PUERTO,HUALAIHUE,,-42.015278,-72.685000,,,FM,,89.1,,REGIÓN DE LOS LAGOS,,,,,,broadcast,,,,,,
XQD-193,EL CONQUISTADOR,PUERTO OCTAY,,-41.107778,-72.628611,,,FM,,102.3,,REGIÓN DE LOS LAGOS,,,,,,broadcast,,,,,,
XQD-727,DULCE,PUERTO OCTAY,,-41.108056,-72.627500,,,FM,,106.3,,REGIÓN DE LOS LAGOS,,,,,,broadcast,,,,,,
XQD-793,SABROSITA,PUERTO OCTAY,,-41.107778,-72.628611,,,FM,,94.3,,REGIÓN DE LOS LAGOS,,,,,,broadcast,,,,,,
XQD-732,LLANADA GRANDE,COCHAMO,,-41.868611,-71.934444,,,FM,,88.7,,REGIÓN DE LOS LAGOS,,,,,,broadcast,,,,,,
XQD-078,CONCIERTO,PUERTO VARAS,,-41.306944,-72.990556,,,FM,,88.5,,REGIÓN DE LOS LAGOS,,,,,,broadcast,,,,,,
XQD-089,NUEVO AMANECER,LLANQUIHUE,,-41.245000,-73.009444,,,FM,,104.9,,REGIÓN DE LOS LAGOS,,,,,,broadcast,,,,,,
XQD-090,COLONIA,LLANQUIHUE,,-41.254444,-73.020278,,,FM,,100.9,,REGIÓN DE LOS LAGOS,,,,,,broadcast,,,,,,
XQD-330,INFINITA,PUERTO VARAS,,-41.308611,-72.995278,,,FM,,91.3,,REGIÓN DE LOS LAGOS,,,,,,broadcast,,,,,,
XQD-489,LOS MUERMOS FM,LOS MUERMOS,,-41.388611,-73.463056,,,FM,,89.5,,REGIÓN DE LOS LAGOS,,,,,,broadcast,,,,,,
XQD-743,SABROSITA,LOS MUERMOS,,-41.386389,-73.482222,,,FM,,97.1,,REGIÓN DE LOS LAGOS,,,,,,broadcast,,,,,,
XQD-886,ANTILLANCA,SAN JUAN DE LA COSTA,,-40.601944,-73.600833,,,FM,,89.5,,REGIÓN DE LOS LAGOS,,,,,,broadcast,,,,,,
CD-090,LA VOZ DE LA COSTA,OSORNO,,-40.520833,-73.207778,,,AM,,900,,REGIÓN DE LOS LAGOS,,,,,,broadcast,,,,,,
CD-128,EN VOZ ALTA,OSORNO,,-40.607500,-73.192222,,,AM,,1280,,REGIÓN DE LOS LAGOS,,,,,,broadcast,,,,,,
XQD-002,MUSICOOP,OSORNO,,-40.489722,-73.168333,,,FM,,96.5,,REGIÓN DE LOS LAGOS,,,,,,broadcast,,,,,,
XQD-019,SAGO,OSORNO,,-40.603611,-73.210278,,,FM,,94.5,,REGIÓN DE LOS LAGOS,,,,,,broadcast,,,,,,
XQD-038,BIO-BIO,OSORNO,,-40.574444,-73.174444,,,FM,,106.5,,REGIÓN DE LOS LAGOS,,,,,,broadcast,,,,,,
XQD-049,COOPERATIVA,OSORNO,,-40.584444,-73.161667,,,FM,,102.9,,REGIÓN DE LOS LAGOS,,,,,,broadcast,,,,,,
XQD-055,PUDAHUEL,OSORNO,,-40.565556,-73.089444,,,FM,,91.9,,REGIÓN DE LOS LAGOS,,,,,,broadcast,,,,,,
XQD-086,ANTILLANCA,OSORNO,,-40.594444,-73.093056,,,FM,,103.5,,REGIÓN DE LOS LAGOS,,,,,,broadcast,,,,,,
XQD-097,EL CONQUISTADOR,OSORNO,,-40.562778,-73.106944,,,FM,,98.1,,REGIÓN DE LOS LAGOS,,,,,,broadcast,,,,,,
XQD-113,UNIVERSO,OSORNO,,-40.563333,-73.107500,,,FM,,102.1,,REGIÓN DE LOS LAGOS,,,,,,broadcast,,,,,,
XQD-127,HORIZONTE,OSORNO,,-40.561389,-73.122778,,,FM,,100.3,,REGIÓN DE LOS LAGOS,,,,,,broadcast,,,,,,
XQD-142,INFINITA,OSORNO,,-40.579722,-73.157778,,,FM,,99.7,,REGIÓN DE LOS LAGOS,,,,,,broadcast,,,,,,
XQD-149,ROMANTICA,OSORNO,,-40.576667,-73.156389,,,FM,,97.5,,REGIÓN DE LOS LAGOS,,,,,,broadcast,,,,,,
XQD-153,ARMONIA,OSORNO,,-40.587778,-73.163333,,,FM,,98.7,,REGIÓN DE LOS LAGOS,,,,,,broadcast,,,,,,
XQD-186,ROCK & POP,OSORNO,,-40.493611,-73.170833,,,FM,,93.5,,REGIÓN DE LOS LAGOS,,,,,,broadcast,,,,,,
XQD-189,DIGITAL FM,OSORNO,,-40.560278,-73.105278,,,FM,,105.1,,REGIÓN DE LOS LAGOS,,,,,,broadcast,,,,,,
XQD-252,PUNTO SIETE,OSORNO,,-40.574444,-73.174444,,,FM,,105.5,,REGIÓN DE LOS LAGOS,,,,,,broadcast,,,,,,
XQD-258,INICIA RADIO,OSORNO,,-40.598611,-73.208333,,,FM,,89.1,,REGIÓN DE LOS LAGOS,,,,,,broadcast,,,,,,
XQD-300,BESAME,OSORNO,,-40.598611,-73.208333,,,FM,,91.1,,REGIÓN DE LOS LAGOS,,,,,,broadcast,,,,,,
XQD-326,FM DOS,OSORNO,,-40.565556,-73.089444,,,FM,,90.7,,REGIÓN DE LOS LAGOS,,,,,,broadcast,,,,,,
XQD-341,MONTECARLO,OSORNO,,-40.598611,-73.208333,,,FM,,90.3,,REGIÓN DE LOS LAGOS,,,,,,broadcast,,,,,,
XQD-381,IMAGINA,OSORNO,,-40.561111,-73.116667,,,FM,,92.3,,REGIÓN DE LOS LAGOS,,,,,,broadcast,,,,,,
XQD-439,HIT 40,OSORNO,,-40.557222,-73.089722,,,FM,,97.1,,REGIÓN DE LOS LAGOS,,,,,,broadcast,,,,,,
XQD-491,POSITIVA,OSORNO,,-40.566111,-73.112500,,,FM,,95.1,,REGIÓN DE LOS LAGOS,,,,,,broadcast,,,,,,
XQD-202,ESTRELLA DEL MAR,PALENA,,-43.616667,-71.802222,,,FM,,95.1,,REGIÓN DE LOS LAGOS,,,,,,broadcast,,,,,,
XQD-458,MARIA,PUERTO MONTT,,-41.463611,-72.902222,,,FM,,103.5,,REGIÓN DE LOS LAGOS,,,,,,broadcast,,,,,,
CD-093,RELONCAVI,PUERTO MONTT,,-41.451944,-73.021389,,,AM,,930,,REGIÓN DE LOS LAGOS,,,,,,broadcast,,,,,,
CD-121,ARMONIA,PUERTO MONTT,,-41.451389,-72.941667,,,AM,,1210,,REGIÓN DE LOS LAGOS,,,,,,broadcast,,,,,,
CD-140A,VIENTO DEL SUR,PUERTO MONTT,,-41.496667,-72.994167,,,AM,,1400,,REGIÓN DE LOS LAGOS,,,,,,broadcast,,,,,,
CD-153,NUEVO MUNDO,PUERTO MONTT,,-41.481389,-73.016944,,,AM,,1530,,REGIÓN DE LOS LAGOS,,,,,,broadcast,,,,,,
XQD-016,INFINITA,PUERTO MONTT,,-41.464444,-72.960833,,,FM,,90.9,,REGIÓN DE LOS LAGOS,,,,,,broadcast,,,,,,
XQD-035,SABROSITA,PUERTO MONTT,,-41.465000,-72.961111,,,FM,,99.7,,REGIÓN DE LOS LAGOS,,,,,,broadcast,,,,,,
XQD-053,POSITIVA,PUERTO MONTT,,-41.445556,-72.935556,,,FM,,96.9,,REGIÓN DE LOS LAGOS,,,,,,broadcast,,,,,,
XQD-063,HORIZONTE,PUERTO MONTT,,-41.464722,-72.960278,,,FM,,92.9,,REGIÓN DE LOS LAGOS,,,,,,broadcast,,,,,,
XQD-083,BIO-BIO,PUERTO MONTT,,-41.465833,-72.965556,,,FM,,94.9,,REGIÓN DE LOS LAGOS,,,,,,broadcast,,,,,,
XQD-096,NUEVA BELEN,PUERTO MONTT,,-41.465000,-72.961111,,,FM,,92.3,,REGIÓN DE LOS LAGOS,,,,,,broadcast,,,,,,
XQD-098,EL CONQUISTADOR,PUERTO MONTT,,-41.468333,-72.957778,,,FM,,91.7,,REGIÓN DE LOS LAGOS,,,,,,broadcast,,,,,,
XQD-114,SINTONIA DEL EVANGELIO,PUERTO MONTT,,-41.464167,-72.961111,,,FM,,93.5,,REGIÓN DE LOS LAGOS,,,,,,broadcast,,,,,,
XQD-115,UNIVERSO,PUERTO MONTT,,-41.450278,-72.938333,,,FM,,94.1,,REGIÓN DE LOS LAGOS,,,,,,broadcast,,,,,,
XQD-129,ROMANTICA,PUERTO MONTT,,-41.464722,-72.963056,,,FM,,103.9,,REGIÓN DE LOS LAGOS,,,,,,broadcast,,,,,,
XQD-130,ACTIVA,PUERTO MONTT,,-41.464167,-72.961111,,,FM,,100.3,,REGIÓN DE LOS LAGOS,,,,,,broadcast,,,,,,
XQD-190,PUDAHUEL,PUERTO MONTT,,-41.450000,-72.937778,,,FM,,95.5,,REGIÓN DE LOS LAGOS,,,,,,broadcast,,,,,,
XQD-191,TROPICAL,PUERTO MONTT,,-41.465833,-72.960000,,,FM,,106.7,,REGIÓN DE LOS LAGOS,,,,,,broadcast,,,,,,
XQD-213,FM DOS,PUERTO MONTT,,-41.450000,-72.937778,,,FM,,104.5,,REGIÓN DE LOS LAGOS,,,,,,broadcast,,,,,,
XQD-259,ADN RADIO,PUERTO MONTT,,-41.464444,-72.971389,,,FM,,88.1,,REGIÓN DE LOS LAGOS,,,,,,broadcast,,,,,,
XQD-294,ESTILO,PUERTO MONTT,,-41.436667,-72.955000,,,FM,,89.3,,REGIÓN DE LOS LAGOS,,,,,,broadcast,,,,,,
XQD-424,FUTURO,PUERTO MONTT,,-41.445833,-72.939722,,,FM,,105.9,,REGIÓN DE LOS LAGOS,,,,,,broadcast,,,,,,
XQD-449,PARA TI,PUERTO MONTT,,-41.468333,-72.957778,,,FM,,96.5,,REGIÓN DE LOS LAGOS,,,,,,broadcast,,,,,,
XQD-683,RELONCAVI,PUERTO MONTT,,-41.468611,-72.963611,,,FM,,101.5,,REGIÓN DE LOS LAGOS,,,,,,broadcast,,,,,,
XQD-431,NUEVO AMANECER,PUERTO OCTAY,,-40.952778,-72.883611,,,FM,,92.1,,REGIÓN DE LOS LAGOS,,,,,,broadcast,,,,,,
XQD-018,GRATISSIMA,PUERTO VARAS,,-41.308611,-72.995278,,,FM,,97.7,,REGIÓN DE LOS LAGOS,,,,,,broadcast,,,,,,
XQD-212,DIGITAL FM,PUERTO MONTT,,-41.436667,-72.955000,,,FM,,98.3,,REGIÓN DE LOS LAGOS,,,,,,broadcast,,,,,,
XQD-293,LA LLAVE,PUERTO VARAS,,-41.305000,-72.991944,,,FM,,95.9,,REGIÓN DE LOS LAGOS,,,,,,broadcast,,,,,,
XQD-539,LEMUY,PUQUELDON,,-42.601111,-73.645833,,,FM,,103.7,,REGIÓN DE LOS LAGOS,,,,,,broadcast,,,,,,
XQD-108,INVITA,PURRANQUE,,-40.918056,-73.147500,,,FM,,99.9,,REGIÓN DE LOS LAGOS,,,,,,broadcast,,,,,,
XQD-538,NUEVO HORIZONTE,QUEILEN,,-42.880556,-73.470000,,,FM,,98.3,,REGIÓN DE LOS LAGOS,,,,,,broadcast,,,,,,
XQD-549,NAHUEL,QUEILEN,,-42.875000,-73.491667,,,FM,,91.7,,REGIÓN DE LOS LAGOS,,,,,,broadcast,,,,,,
XQD-594,NAHUEL,QUEILEN,,-42.816944,-73.506389,,,FM,,96.5,,REGIÓN DE LOS LAGOS,,,,,,broadcast,,,,,,
XQD-044,QUELLON,QUELLON,,-43.100833,-73.618333,,,FM,,100.5,,REGIÓN DE LOS LAGOS,,,,,,broadcast,,,,,,
XQD-150,ESTRELLA DEL MAR,QUELLON,,-43.100000,-73.622222,,,FM,,102.3,,REGIÓN DE LOS LAGOS,,,,,,broadcast,,,,,,
XQD-389,ESTILO,QUELLON,,-43.100000,-73.619167,,,FM,,88.9,,REGIÓN DE LOS LAGOS,,,,,,broadcast,,,,,,
XQD-510,PUERTAS AL CIELO,QUELLON,,-43.102500,-73.615278,,,FM,,90.9,,REGIÓN DE LOS LAGOS,,,,,,broadcast,,,,,,
XQD-572A,NAHUEL,QUELLON,,-43.100000,-73.619167,,,FM,,95.1,,REGIÓN DE LOS LAGOS,,,,,,broadcast,,,,,,
XQD-680,NAHUEL,QUELLON,,-43.104167,-73.621944,,,FM,,92.3,,REGIÓN DE LOS LAGOS,,,,,,broadcast,,,,,,
XQD-521,ARMONIA,QUELLON,,-43.104444,-73.615278,,,FM,,97.5,,REGIÓN DE LOS LAGOS,,,,,,broadcast,,,,,,
XQD-509,COLOANE,QUEMCHI,,-42.179167,-73.482778,,,FM,,92.3,,REGIÓN DE LOS LAGOS,,,,,,broadcast,,,,,,
XQD-305,ESTRELLA DEL MAR,QUINCHAO,,-42.472778,-73.480278,,,FM,,95.3,,REGIÓN DE LOS LAGOS,,,,,,broadcast,,,,,,
XQD-160,ANAHI,RIO NEGRO,,-40.800833,-73.213333,,,FM,,96.1,,REGIÓN DE LOS LAGOS,,,,,,broadcast,,,,,,
XQD-232,AYER,RIO NEGRO,,-40.796667,-73.219722,,,FM,,100.7,,REGIÓN DE LOS LAGOS,,,,,,broadcast,,,,,,
XQD-658,SABROSITA,RIO NEGRO,,-40.795000,-73.235278,,,FM,,102.5,,REGIÓN DE LOS LAGOS,,,,,,broadcast,,,,,,
XQD-583,ESTUARIO,COCHAMO,,-41.665833,-72.297500,,,FM,,96.1,,REGIÓN DE LOS LAGOS,,,,,,broadcast,,,,,,
XQD-754,NAHUEL,AYSEN,,-45.391111,-72.703056,,,FM,,89.3,,REGIÓN DE AYSÉN DEL GENERAL CARLOS IBÁÑEZ DEL CAMPO,,,,,,broadcast,,,,,,
XQD-837,MADRE DE LA DIVINA PROVIDENCIA,TORTEL,,-47.803056,-73.537778,,,FM,,97.1,,REGIÓN DE AYSÉN DEL GENERAL CARLOS IBÁÑEZ DEL CAMPO,,,,,,broadcast,,,,,,
XQD-612,ALUEN,RIO IBAÑEZ,,-46.123056,-72.154444,,,FM,,91.9,,REGIÓN DE AYSÉN DEL GENERAL CARLOS IBÁÑEZ DEL CAMPO,,,,,,broadcast,,,,,,
XQD-354,LA VOZ DEL LAGO,CHILE CHICO,,-46.540556,-71.734167,,,FM,,98.7,,REGIÓN DE AYSÉN DEL GENERAL CARLOS IBÁÑEZ DEL CAMPO,,,,,,broadcast,,,,,,
XQD-522,FM TU,CHILE CHICO,,-46.541111,-71.735278,,,FM,,92.1,,REGIÓN DE AYSÉN DEL GENERAL CARLOS IBÁÑEZ DEL CAMPO,,,,,,broadcast,,,,,,
XQD-301,RIO BAKER,COCHRANE,,-47.253333,-72.579167,,,FM,,99.5,,REGIÓN DE AYSÉN DEL GENERAL CARLOS IBÁÑEZ DEL CAMPO,,,,,,broadcast,,,,,,
XQD-625,APOCALIPSIS,COCHRANE,,-47.250278,-72.561944,,,FM,,102.9,,REGIÓN DE AYSÉN DEL GENERAL CARLOS IBÁÑEZ DEL CAMPO,,,,,,broadcast,,,,,,
CD-084,SANTA MARIA,COYHAIQUE,,-45.522778,-72.108611,,,AM,,840,,REGIÓN DE AYSÉN DEL GENERAL CARLOS IBÁÑEZ DEL CAMPO,,,,,,broadcast,,,,,,
CD-097A,PATAGONIA CHILENA,COYHAIQUE,,-45.575000,-72.041667,,,AM,,970,,REGIÓN DE AYSÉN DEL GENERAL CARLOS IBÁÑEZ DEL CAMPO,,,,,,broadcast,,,,,,
XQC-339A,IMAGINA,COYHAIQUE,,-45.577778,-72.093056,,,FM,,101.5,,REGIÓN DE AYSÉN DEL GENERAL CARLOS IBÁÑEZ DEL CAMPO,,,,,,broadcast,,,,,,
XQD-007,VENTISQUEROS,COYHAIQUE,,-45.574444,-72.053889,,,FM,,97.7,,REGIÓN DE AYSÉN DEL GENERAL CARLOS IBÁÑEZ DEL CAMPO,,,,,,broadcast,,,,,,
XQD-008,ACTIVA,COYHAIQUE,,-45.574722,-72.089444,,,FM,,92.9,,REGIÓN DE AYSÉN DEL GENERAL CARLOS IBÁÑEZ DEL CAMPO,,,,,,broadcast,,,,,,
XQD-029,ARCO IRIS,COYHAIQUE,,-45.561111,-72.037500,,,FM,,99.3,,REGIÓN DE AYSÉN DEL GENERAL CARLOS IBÁÑEZ DEL CAMPO,,,,,,broadcast,,,,,,
XQD-147,GENIAL,COYHAIQUE,,-45.583333,-72.061389,,,FM,,100.5,,REGIÓN DE AYSÉN DEL GENERAL CARLOS IBÁÑEZ DEL CAMPO,,,,,,broadcast,,,,,,
XQD-170,COYHAIQUE,COYHAIQUE,,-45.571389,-72.061667,,,FM,,95.3,,REGIÓN DE AYSÉN DEL GENERAL CARLOS IBÁÑEZ DEL CAMPO,,,,,,broadcast,,,,,,
XQD-176,UNIVERSO,COYHAIQUE,,-45.577778,-72.063889,,,FM,,99.9,,REGIÓN DE AYSÉN DEL GENERAL CARLOS IBÁÑEZ DEL CAMPO,,,,,,broadcast,,,,,,
XQD-261,APOCALIPSIS,COYHAIQUE,,-45.577778,-72.063889,,,FM,,91.3,,REGIÓN DE AYSÉN DEL GENERAL CARLOS IBÁÑEZ DEL CAMPO,,,,,,broadcast,,,,,,
XQD-296,BIO-BIO,COYHAIQUE,,-45.572222,-72.084722,,,FM,,90.3,,REGIÓN DE AYSÉN DEL GENERAL CARLOS IBÁÑEZ DEL CAMPO,,,,,,broadcast,,,,,,
XQD-302,INICIA RADIO,COYHAIQUE,,-45.578333,-72.092778,,,FM,,89.5,,REGIÓN DE AYSÉN DEL GENERAL CARLOS IBÁÑEZ DEL CAMPO,,,,,,broadcast,,,,,,
XQD-319,PATAGONIA,COYHAIQUE,,-45.516667,-72.100000,,,FM,,104.1,,REGIÓN DE AYSÉN DEL GENERAL CARLOS IBÁÑEZ DEL CAMPO,,,,,,broadcast,,,,,,
XQD-372,PUDAHUEL,COYHAIQUE,,-45.571944,-72.084167,,,FM,,106.5,,REGIÓN DE AYSÉN DEL GENERAL CARLOS IBÁÑEZ DEL CAMPO,,,,,,broadcast,,,,,,
XQD-397,HIT 40,COYHAIQUE,,-45.578333,-72.092778,,,FM,,96.5,,REGIÓN DE AYSÉN DEL GENERAL CARLOS IBÁÑEZ DEL CAMPO,,,,,,broadcast,,,,,,
XQD-425,ESTILO,COYHAIQUE,,-45.571111,-72.088056,,,FM,,95.9,,REGIÓN DE AYSÉN DEL GENERAL CARLOS IBÁÑEZ DEL CAMPO,,,,,,broadcast,,,,,,
XQD-434,FM DOS,COYHAIQUE,,-45.572222,-72.084722,,,FM,,94.5,,REGIÓN DE AYSÉN DEL GENERAL CARLOS IBÁÑEZ DEL CAMPO,,,,,,broadcast,,,,,,
XQD-442,EL CONQUISTADOR,COYHAIQUE,,-45.582222,-72.110556,,,FM,,89.1,,REGIÓN DE AYSÉN DEL GENERAL CARLOS IBÁÑEZ DEL CAMPO,,,,,,broadcast,,,,,,
XQD-503,ARMONIA,COYHAIQUE,,-45.578056,-72.107778,,,FM,,103.3,,REGIÓN DE AYSÉN DEL GENERAL CARLOS IBÁÑEZ DEL CAMPO,,,,,,broadcast,,,,,,
XQD-508,CORPORACION,COYHAIQUE,,-45.577778,-72.063889,,,FM,,98.3,,REGIÓN DE AYSÉN DEL GENERAL CARLOS IBÁÑEZ DEL CAMPO,,,,,,broadcast,,,,,,
XQD-291,VENTISQUEROS,CISNES,,-43.973611,-72.404167,,,FM,,104.7,,REGIÓN DE AYSÉN DEL GENERAL CARLOS IBÁÑEZ DEL CAMPO,,,,,,broadcast,,,,,,
XQD-343,MADIPRO,CISNES,,-43.973889,-72.405000,,,FM,,96.1,,REGIÓN DE AYSÉN DEL GENERAL CARLOS IBÁÑEZ DEL CAMPO,,,,,,broadcast,,,,,,
XQD-201,ESTRELLA DEL MAR,GUAITECAS,,-43.897778,-73.743889,,,FM,,98.5,,REGIÓN DE AYSÉN DEL GENERAL CARLOS IBÁÑEZ DEL CAMPO,,,,,,broadcast,,,,,,
XQD-771,NAMAR,GUAITECAS,,-43.895556,-73.742500,,,FM,,95.9,,REGIÓN DE AYSÉN DEL GENERAL CARLOS IBÁÑEZ DEL CAMPO,,,,,,broadcast,,,,,,
XQD-825,NAMAR,GUAITECAS,,-43.895556,-73.742500,,,FM,,89.1,,REGIÓN DE AYSÉN DEL GENERAL CARLOS IBÁÑEZ DEL CAMPO,,,,,,broadcast,,,,,,
XQD-084,INICIA RADIO,AYSEN,,-45.401667,-72.688611,,,FM,,94.1,,REGIÓN DE AYSÉN DEL GENERAL CARLOS IBÁÑEZ DEL CAMPO,,,,,,broadcast,,,,,,
XQD-095,FUNDADORES,AYSEN,,-45.406389,-72.698056,,,FM,,92.3,,REGIÓN DE AYSÉN DEL GENERAL CARLOS IBÁÑEZ DEL CAMPO,,,,,,broadcast,,,,,,
XQD-148,MILENARIA,AYSEN,,-45.401667,-72.687500,,,FM,,94.7,,REGIÓN DE AYSÉN DEL GENERAL CARLOS IBÁÑEZ DEL CAMPO,,,,,,broadcast,,,,,,
XQD-161,VENTISQUEROS,AYSEN,,-45.403611,-72.693611,,,FM,,106.1,,REGIÓN DE AYSÉN DEL GENERAL CARLOS IBÁÑEZ DEL CAMPO,,,,,,broadcast,,,,,,
XQD-169,LAS NIEVES,AYSEN,,-45.402500,-72.688889,,,FM,,102.9,,REGIÓN DE AYSÉN DEL GENERAL CARLOS IBÁÑEZ DEL CAMPO,,,,,,broadcast,,,,,,
XQD-334,APOCALIPSIS,AYSEN,,-45.402778,-72.693889,,,FM,,103.5,,REGIÓN DE AYSÉN DEL GENERAL CARLOS IBÁÑEZ DEL CAMPO,,,,,,broadcast,,,,,,
XQD-346,COOPERATIVA,AYSEN,,-45.403611,-72.693611,,,FM,,96.9,,REGIÓN DE AYSÉN DEL GENERAL CARLOS IBÁÑEZ DEL CAMPO,,,,,,broadcast,,,,,,
XQD-373,AYSEN,AYSEN,,-45.406389,-72.698056,,,FM,,90.7,,REGIÓN DE AYSÉN DEL GENERAL CARLOS IBÁÑEZ DEL CAMPO,,,,,,broadcast,,,,,,
XQD-452,VIRTUAL,AYSEN,,-45.402778,-72.693889,,,FM,,88.3,,REGIÓN DE AYSÉN DEL GENERAL CARLOS IBÁÑEZ DEL CAMPO,,,,,,broadcast,,,,,,
XQD-747,NAHUEL,AYSEN,,-45.391111,-72.703056,,,FM,,98.7,,REGIÓN DE AYSÉN DEL GENERAL CARLOS IBÁÑEZ DEL CAMPO,,,,,,broadcast,,,,,,
XQD-611,INTEGRACION AUSTRAL,RIO IBAÑEZ,,-46.456667,-72.673611,,,FM,,93.9,,REGIÓN DE AYSÉN DEL GENERAL CARLOS IBÁÑEZ DEL CAMPO,,,,,,broadcast,,,,,,
XQD-266,REVELACION,CISNES,,-44.726667,-72.680278,,,FM,,89.9,,REGIÓN DE AYSÉN DEL GENERAL CARLOS IBÁÑEZ DEL CAMPO,,,,,,broadcast,,,,,,
XQD-821,MELINKANA,CISNES,,-44.254444,-73.212222,,,FM,,101.7,,REGIÓN DE AYSÉN DEL GENERAL CARLOS IBÁÑEZ DEL CAMPO,,,,,,broadcast,,,,,,
XQD-667,ALMENDRA,CISNES,,-44.325000,-72.565278,,,FM,,94.1,,REGIÓN DE AYSÉN DEL GENERAL CARLOS IBÁÑEZ DEL CAMPO,,,,,,broadcast,,,,,,
XQD-610,CORDILLERA,RIO IBAÑEZ,,-46.625000,-72.675556,,,FM,,94.9,,REGIÓN DE AYSÉN DEL GENERAL CARLOS IBÁÑEZ DEL CAMPO,,,,,,broadcast,,,,,,
XQD-332,SAN ANTONIO,AYSEN,,-45.175000,-72.143056,,,FM,,91.9,,REGIÓN DE AYSÉN DEL GENERAL CARLOS IBÁÑEZ DEL CAMPO,,,,,,broadcast,,,,,,
XQD-464,EVA,TORRES DEL PAINE,,-51.254722,-72.338333,,,FM,,94.1,,REGIÓN DE MAGALLANES Y DE LA ANTÁRTICA CHILENA,,,,,,broadcast,,,,,,
CD-150,TIERRA DEL FUEGO,PORVENIR,,-53.291111,-70.393056,,,AM,,1500,,REGIÓN DE MAGALLANES Y DE LA ANTÁRTICA CHILENA,,,,,,broadcast,,,,,,
XQD-428,PATAGONICA,PORVENIR,,-53.290278,-70.395000,,,FM,,96.9,,REGIÓN DE MAGALLANES Y DE LA ANTÁRTICA CHILENA,,,,,,broadcast,,,,,,
XQD-467,CONSTELACION,PORVENIR,,-53.265833,-70.359722,,,FM,,97.3,,REGIÓN DE MAGALLANES Y DE LA ANTÁRTICA CHILENA,,,,,,broadcast,,,,,,
XQD-498,PRESIDENTE IBAÑEZ,PORVENIR,,-53.265833,-70.359722,,,FM,,88.5,,REGIÓN DE MAGALLANES Y DE LA ANTÁRTICA CHILENA,,,,,,broadcast,,,,,,
XQD-513,CONSTELACION,PORVENIR,,-53.265833,-70.359722,,,FM,,89.3,,REGIÓN DE MAGALLANES Y DE LA ANTÁRTICA CHILENA,,,,,,broadcast,,,,,,
XQD-535,ARMONIA,PORVENIR,,-53.307222,-70.373611,,,FM,,94.3,,REGIÓN DE MAGALLANES Y DE LA ANTÁRTICA CHILENA,,,,,,broadcast,,,,,,
CD-103A,PAYNE,NATALES,,-51.728056,-72.500833,,,AM,,1030,,REGIÓN DE MAGALLANES Y DE LA ANTÁRTICA CHILENA,,,,,,broadcast,,,,,,
CD-117,NATALES,NATALES,,-51.698889,-72.517778,,,AM,,1170,,REGIÓN DE MAGALLANES Y DE LA ANTÁRTICA CHILENA,,,,,,broadcast,,,,,,
XQD-015,EVA,NATALES,,-51.735833,-72.499167,,,FM,,97.1,,REGIÓN DE MAGALLANES Y DE LA ANTÁRTICA CHILENA,,,,,,broadcast,,,,,,
XQD-192,POLAR,NATALES,,-51.719444,-72.489444,,,FM,,98.5,,REGIÓN DE MAGALLANES Y DE LA ANTÁRTICA CHILENA,,,,,,broadcast,,,,,,
XQD-200,ARMONIA,NATALES,,-51.680000,-72.437500,,,FM,,97.9,,REGIÓN DE MAGALLANES Y DE LA ANTÁRTICA CHILENA,,,,,,broadcast,,,,,,
XQD-304,TURISMO,NATALES,,-51.727222,-72.509722,,,FM,,89.5,,REGIÓN DE MAGALLANES Y DE LA ANTÁRTICA CHILENA,,,,,,broadcast,,,,,,
XQD-378,FARAONICA,NATALES,,-51.735556,-72.453056,,,FM,,105.7,,REGIÓN DE MAGALLANES Y DE LA ANTÁRTICA CHILENA,,,,,,broadcast,,,,,,
XQD-392,ZONA,NATALES,,-51.734167,-72.453611,,,FM,,90.3,,REGIÓN DE MAGALLANES Y DE LA ANTÁRTICA CHILENA,,,,,,broadcast,,,,,,
XQD-406,ROMANCE,NATALES,,-51.735000,-72.452500,,,FM,,94.3,,REGIÓN DE MAGALLANES Y DE LA ANTÁRTICA CHILENA,,,,,,broadcast,,,,,,
XQD-427,SABROSITA,NATALES,,-51.735556,-72.453056,,,FM,,106.7,,REGIÓN DE MAGALLANES Y DE LA ANTÁRTICA CHILENA,,,,,,broadcast,,,,,,
XQD-437,PRESIDENTE IBAÑEZ,NATALES,,-51.735556,-72.453056,,,FM,,101.9,,REGIÓN DE MAGALLANES Y DE LA ANTÁRTICA CHILENA,,,,,,broadcast,,,,,,
XQD-457,VIENTO SUR,NATALES,,-51.721667,-72.503056,,,FM,,93.1,,REGIÓN DE MAGALLANES Y DE LA ANTÁRTICA CHILENA,,,,,,broadcast,,,,,,
XQD-543,NAVARINO,CABO DE HORNOS,,-54.935556,-67.607222,,,FM,,89.5,,REGIÓN DE MAGALLANES Y DE LA ANTÁRTICA CHILENA,,,,,,broadcast,,,,,,
CD-059,CHILENA,PUNTA ARENAS,,-52.911944,-71.025278,,,AM,,590,,REGIÓN DE MAGALLANES Y DE LA ANTÁRTICA CHILENA,,,,,,broadcast,,,,,,
CD-070A,MAGALLANES,PUNTA ARENAS,,-53.140556,-71.009167,,,AM,,700,,REGIÓN DE MAGALLANES Y DE LA ANTÁRTICA CHILENA,,,,,,broadcast,,,,,,
CD-096,POLAR,PUNTA ARENAS,,-53.162222,-70.983889,,,AM,,960,,REGIÓN DE MAGALLANES Y DE LA ANTÁRTICA CHILENA,,,,,,broadcast,,,,,,
CD-126,PRESIDENTE IBAÑEZ,PUNTA ARENAS,,-53.162500,-70.992500,,,AM,,1260,,REGIÓN DE MAGALLANES Y DE LA ANTÁRTICA CHILENA,,,,,,broadcast,,,,,,
XQD-012,POLAR,PUNTA ARENAS,,-53.161944,-70.982778,,,FM,,96.5,,REGIÓN DE MAGALLANES Y DE LA ANTÁRTICA CHILENA,,,,,,broadcast,,,,,,
XQD-020,ACTIVA,PUNTA ARENAS,,-53.158611,-71.009167,,,FM,,105.7,,REGIÓN DE MAGALLANES Y DE LA ANTÁRTICA CHILENA,,,,,,broadcast,,,,,,
XQD-033,CAMELOT,PUNTA ARENAS,,-53.162500,-71.054444,,,FM,,95.3,,REGIÓN DE MAGALLANES Y DE LA ANTÁRTICA CHILENA,,,,,,broadcast,,,,,,
XQD-065,NUEVA SUPER STEREO,PUNTA ARENAS,,-53.153056,-71.041111,,,FM,,100.3,,REGIÓN DE MAGALLANES Y DE LA ANTÁRTICA CHILENA,,,,,,broadcast,,,,,,
XQD-099,EL CONQUISTADOR,PUNTA ARENAS,,-53.159722,-71.001111,,,FM,,101.5,,REGIÓN DE MAGALLANES Y DE LA ANTÁRTICA CHILENA,,,,,,broadcast,,,,,,
XQD-185,PUDAHUEL,PUNTA ARENAS,,-53.159167,-70.996389,,,FM,,98.3,,REGIÓN DE MAGALLANES Y DE LA ANTÁRTICA CHILENA,,,,,,broadcast,,,,,,
XQD-187,CAROLINA,PUNTA ARENAS,,-53.166667,-71.050000,,,FM,,103.7,,REGIÓN DE MAGALLANES Y DE LA ANTÁRTICA CHILENA,,,,,,broadcast,,,,,,
XQD-194,UNIVERSO,PUNTA ARENAS,,-53.154167,-71.062778,,,FM,,100.9,,REGIÓN DE MAGALLANES Y DE LA ANTÁRTICA CHILENA,,,,,,broadcast,,,,,,
XQD-197,HIT 40,PUNTA ARENAS,,-53.158611,-71.009167,,,FM,,94.7,,REGIÓN DE MAGALLANES Y DE LA ANTÁRTICA CHILENA,,,,,,broadcast,,,,,,
XQD-198,CONCIERTO,PUNTA ARENAS,,-53.158611,-71.009167,,,FM,,92.7,,REGIÓN DE MAGALLANES Y DE LA ANTÁRTICA CHILENA,,,,,,broadcast,,,,,,
XQD-229,CORAZON,PUNTA ARENAS,,-53.155278,-71.006111,,,FM,,91.5,,REGIÓN DE MAGALLANES Y DE LA ANTÁRTICA CHILENA,,,,,,broadcast,,,,,,
XQD-238,COOPERATIVA,PUNTA ARENAS,,-53.155000,-71.043056,,,FM,,104.3,,REGIÓN DE MAGALLANES Y DE LA ANTÁRTICA CHILENA,,,,,,broadcast,,,,,,
XQD-239,BIO-BIO,PUNTA ARENAS,,-53.158889,-71.003056,,,FM,,105.1,,REGIÓN DE MAGALLANES Y DE LA ANTÁRTICA CHILENA,,,,,,broadcast,,,,,,
XQD-308,MONTECARLO,PUNTA ARENAS,,-53.154167,-71.062778,,,FM,,103.1,,REGIÓN DE MAGALLANES Y DE LA ANTÁRTICA CHILENA,,,,,,broadcast,,,,,,
XQD-324,HORIZONTE,PUNTA ARENAS,,-53.158889,-71.003056,,,FM,,102.5,,REGIÓN DE MAGALLANES Y DE LA ANTÁRTICA CHILENA,,,,,,broadcast,,,,,,
XQD-342,INICIA RADIO,PUNTA ARENAS,,-53.158611,-71.009167,,,FM,,90.7,,REGIÓN DE MAGALLANES Y DE LA ANTÁRTICA CHILENA,,,,,,broadcast,,,,,,
XQD-355,ROMANCE,PUNTA ARENAS,,-53.158889,-71.003056,,,FM,,90.1,,REGIÓN DE MAGALLANES Y DE LA ANTÁRTICA CHILENA,,,,,,broadcast,,,,,,
XQD-377,ROMANTICA,PUNTA ARENAS,,-53.158889,-71.003056,,,FM,,106.3,,REGIÓN DE MAGALLANES Y DE LA ANTÁRTICA CHILENA,,,,,,broadcast,,,,,,
XQD-401,ESTILO,PUNTA ARENAS,,-53.158889,-71.003056,,,FM,,95.9,,REGIÓN DE MAGALLANES Y DE LA ANTÁRTICA CHILENA,,,,,,broadcast,,,,,,
XQD-438,FUTURO,PUNTA ARENAS,,-53.159167,-70.996389,,,FM,,89.7,,REGIÓN DE MAGALLANES Y DE LA ANTÁRTICA CHILENA,,,,,,broadcast,,,,,,
XQD-465,CORPORACION,PUNTA ARENAS,,-53.158889,-71.003056,,,FM,,91.1,,REGIÓN DE MAGALLANES Y DE LA ANTÁRTICA CHILENA,,,,,,broadcast,,,,,,
XQD-474,NUEVO MUNDO,PUNTA ARENAS,,-53.122222,-70.947500,,,FM,,104.7,,REGIÓN DE MAGALLANES Y DE LA ANTÁRTICA CHILENA,,,,,,broadcast,,,,,,
XQD-481,UNIVERSIDAD ADVENTISTA,PUNTA ARENAS,,-53.159722,-71.001111,,,FM,,93.1,,REGIÓN DE MAGALLANES Y DE LA ANTÁRTICA CHILENA,,,,,,broadcast,,,,,,
XQD-515,POSITIVA,PUNTA ARENAS,,-53.163889,-70.975278,,,FM,,98.7,,REGIÓN DE MAGALLANES Y DE LA ANTÁRTICA CHILENA,,,,,,broadcast,,,,,,
XQD-579,ARMONIA,PUNTA ARENAS,,-53.159722,-71.011111,,,FM,,97.1,,REGIÓN DE MAGALLANES Y DE LA ANTÁRTICA CHILENA,,,,,,broadcast,,,,,,
XQD-433,101.9 FM,LAGUNA BLANCA,,-52.430000,-71.419167,,,FM,,101.9,,REGIÓN DE MAGALLANES Y DE LA ANTÁRTICA CHILENA,,,,,,broadcast,,,,,,
